ETL_YMD,O_CELL_ID,O_CELL_TP,D_CELL_ID,D_CELL_TP,ST_TIME_CD,FNS_TIME_CD,IN_FORN_DIV_NM,MOVE_PURPOSE,MOVE_DIST,MOVE_TIME,MALE_00_CNT,MALE_10_CNT,MALE_20_CNT,MALE_30_CNT,MALE_35_CNT,MALE_40_CNT,MALE_45_CNT,MALE_50_CNT,MALE_55_CNT,MALE_60_CNT,MALE_65_CNT,MALE_70_CNT,MALE_75_CNT,MALE_80_CNT,MALE_85_CNT,FEML_00_CNT,FEML_10_CNT,FEML_15_CNT,FEML_20_CNT,FEML_25_CNT,FEML_30_CNT,FEML_35_CNT,FEML_40_CNT,FEML_45_CNT,FEML_50_CNT,FEML_55_CNT,FEML_60_CNT,FEML_65_CNT,FEML_70_CNT,FEML_75_CNT,FEML_80_CNT,FEML_85_CNT,lon_o,lat_o,lon_d,lat_d
20240311,라사11500950,0,다사40251150,0,16,18,1,7,19331,1509,0,0,0,0,0,0,0,0,3.69,0,0,0,0,0,0,0,0,0,0,0,0,0,0,0,0,0,0,0,0,0,0,0,127.6309716,37.18533034,126.8281028,37.20152555
20240324,다사23256100,0,다사61001650,2,10,12,1,3,19314,2545,0,0,0,0,0,0,0,0,0,0,0,0,0,0,0,0,0,0,0,0,0,3.02,0,0,0,0,0,0,0,0,0,0,126.6314137,37.64641541,127.06166,37.24769009
20240311,다사56755475,0,다사60001100,2,16,18,1,3,19223,2735,0,0,0,0,0,0,4.55,0,0,0,0,0,0,0,0,0,0,0,0,0,0,0,0,0,0,0,0,0,0,0,0,0,127.0115057,37.59226793,127.0506788,37.19807185
20240323,다사59004575,0,라사10753425,0,11,13,1,7,17142,2180,0,0,0,0,0,0,0,0,0,0,0,0,0,0,0,0,0,0,0,0,0,0,0,0,0,0,0,3.09,0,0,0,0,127.0374931,37.51125102,127.6228843,37.4084348
20240323,다사50504600,2,다사07003900,0,9,10,2,7,12572,1755,0,0,0,0,0,0,0,0,0,0,0,0,0,0,0,0,0,0,0,0,0,0,0,0,0,0,0,0,0,0,0,0,126.9413013,37.51308859,126.4500219,37.44664986
20240306,다사24504850,2,다사63757175,0,9,10,1,7,12472,1614,0,0,0,0,0,0,0,0,0,0,0,0,0,0,0,0,0,0,0,0,0,0,3.64,0,0,0,3.66,0,0,0,0,0,126.6468687,37.53386231,127.0899533,37.74579346
20240308,다사57754150,0,다사61258875,0,16,19,1,7,12167,2534,0,0,0,0,0,0,0,0,0,0,0,0,0,0,0,0,0,0,0,0,0,0,0,0,0,0,0,0,3.88,0,0,0,127.023593,37.47288799,127.0606698,37.89891076
20240303,다사55508125,1,다사73754825,2,16,17,2,3,10762,919,0,0,0,0,3.5,0,0,0,0,0,0,0,0,0,0,0,0,0,0,0,0,0,0,0,0,0,0,0,0,0,0,0,126.9957309,37.83105282,127.2043001,37.5343204
20240322,다사28256900,1,다사44254125,2,18,19,1,3,10371,1568,0,0,0,0,0,0,0,0,3.11,0,0,0,0,0,0,0,0,0,0,0,0,0,0,0,0,0,0,0,0,0,0,0,126.6872998,37.7189189,126.8709428,37.46992052
20240308,다사25254725,0,다사53002875,0,13,14,1,7,10079,1192,0,0,0,0,0,3.31,0,0,0,0,0,0,0,0,0,0,0,0,0,0,0,0,0,0,0,0,0,0,0,0,0,0,126.6554837,37.52265753,126.9706848,37.35773822
20240316,다사07504425,0,다사34506825,0,16,17,1,7,9955,1006,0,0,0,0,0,0,0,0,3.64,0,0,0,0,0,0,0,0,0,0,0,0,0,0,0,0,0,0,0,0,0,0,0,126.4550152,37.49401405,126.7582777,37.71262698
20240308,다사60757200,0,다사31004425,0,11,13,1,7,9864,1376,0,0,0,0,0,0,0,0,0,0,0,0,0,0,0,0,0,0,0,0,0,0,0,0,0,0,0,0,0,0,0,0,127.0558884,37.74792334,126.7208307,37.49606643
20240325,다사36254675,1,다사67255025,2,18,20,1,3,9812,2135,0,0,0,0,0,0,0,0,0,0,0,0,0,0,0,0,0,0,3.18,0,0,0,0,0,0,0,0,0,0,0,0,0,126.7800021,37.51897557,127.1306412,37.55214009
20240307,다사57504400,2,다사31005825,0,8,10,1,7,9386,1336,0,0,0,0,0,0,0,0,0,0,0,0,0,0,0,0,0,0,0,0,0,0,0,0,0,0,3.19,0,0,0,0,0,127.0206218,37.49540999,126.7195156,37.62224478
20240324,다바60509750,0,다사58001825,0,10,10,1,7,9006,1207,0,0,0,0,0,0,0,0,0,0,0,0,0,0,0,0,0,0,0,0,1.44,0,0,0,0,0,3.25,0,0,0,0,0,127.0570229,37.07640476,127.0277356,37.26333408
20240306,다사53001275,0,다사59504650,0,14,15,1,7,8949,986,0,0,0,0,0,0,0,0,0,0,0,0,0,0,0,0,0,0,0,0,0,3.85,0,0,0,0,0,0,0,0,0,0,126.971694,37.21352047,127.0431093,37.51803306
20240302,다사18251875,0,다사31504675,2,17,18,1,3,8832,1722,0,0,0,0,0,0,0,0,0,0,0,0,0,0,0,0,0,0,0,0,0,0,0,0,0,0,3.5,0,0,0,0,0,126.579422,37.26520378,126.7262541,37.51863568
20240319,다사50754525,2,다사60001750,1,5,8,1,1,8798,3140,0,0,0,0,0,0,0,0,3.34,0,0,0,0,0,0,0,0,0,0,0,0,0,0,0,0,0,0,0,0,0,0,0,126.9441802,37.50634201,127.0503311,37.25666158
20240307,다사54004200,0,다사69502000,2,2,4,1,3,8688,1407,0,0,0,0,0,0,0,3.1,0,0,0,0,0,0,0,0,0,0,0,0,0,0,0,0,0,0,0,0,0,0,0,0,126.9811532,37.47721606,127.1573581,37.27955462
20240327,다사58254675,1,다사32753350,0,18,19,1,7,8561,1847,0,0,0,0,0,0,0,0,0,0,0,0,0,0,0,0,0,0,0,0,3.38,0,0,0,0,0,0,0,0,0,0,0,127.0289503,37.52023083,126.7416052,37.39930609
20240313,다사65002700,0,다사53005300,0,13,15,1,7,8521,1917,0,0,0,0,0,0,0,0,0,0,0,0,0,0,0,0,0,0,0,0,0,0,0,0,0,0,3.37,0,0,0,0,0,127.1062685,37.34249301,126.9691415,37.57631148
20240328,다사35003050,2,다사22506075,0,5,7,1,7,8396,1616,0,0,0,0,0,0,3.9,0,0,0,0,0,0,0,0,0,0,0,0,0,0,0,0,0,0,0,0,0,0,0,0,0,126.7672875,37.3724271,126.6229395,37.64409942
20240311,다사57254625,0,다사50251500,2,20,22,1,3,8236,1355,0,0,0,0,0,0,3.9,0,0,0,0,0,0,0,0,0,0,0,0,0,0,0,0,0,0,0,0,0,0,0,0,0,127.0176632,37.51567849,126.9405516,37.23365891
20240302,다사61004600,3,다사50751900,2,18,21,1,3,8228,2192,0,0,0,0,0,0,0,0,0,0,0,0,0,0,0,0,3.5,0,0,0,0,0,0,0,0,0,0,0,0,0,0,0,127.0601096,37.51359081,126.9459242,37.2697399
20240316,다사75500225,0,다사64752575,0,10,10,1,7,8042,268,0,0,0,0,0,3.21,0,0,0,0,0,0,0,0,0,0,0,0,0,0,0,0,0,0,0,0,0,0,0,0,0,0,127.2256194,37.1197323,127.1035053,37.33121646
20240320,다바40509600,2,다사37502400,0,6,7,2,7,8038,1069,0,0,0,0,0,0,0,0,0,3.5,0,0,0,0,0,0,0,0,0,0,0,0,0,0,0,0,0,0,0,0,0,0,126.8321487,37.06183048,126.7960682,37.31401269
20240313,다사62252200,2,다사61754900,0,8,9,1,7,7976,1532,0,0,0,0,0,0,0,0,0,0,0,0,0,0,0,0,0,0,0,0,0,0,0,0,3.4,0,0,0,0,0,0,0,127.0754759,37.29731714,127.0684402,37.54066222
20240305,다사92000375,0,다바61009650,3,14,15,1,7,7966,1692,0,0,0,0,0,0,0,0,0,0,0,0,0,0,0,0,0,0,0,0,0,0,0,0,3.99,0,0,0,0,0,0,0,127.4113378,37.133538,127.0626996,37.06741158
20240325,다사67004200,2,다사59751650,1,6,7,1,1,7899,1584,0,0,0,0,0,0,0,0,0,3.36,0,0,0,0,0,0,0,0,0,0,0,0,0,0,0,0,0,0,0,0,0,0,127.12818,37.47777021,127.0475658,37.24763708
20240324,다사23004850,0,다사03003400,0,9,10,1,7,7806,1511,0,0,0,0,0,0,0,0,0,3.15,0,0,0,0,0,0,0,0,0,0,0,0,0,0,0,0,0,0,0,0,0,0,126.6298927,37.53373845,126.4054644,37.40117884
20240326,다사59504375,0,다사64001850,2,17,18,1,3,7608,1068,0,0,0,0,0,0,0,3.39,0,0,0,0,0,0,0,0,0,0,0,0,0,0,0,0,0,0,0,0,0,0,0,0,127.0432603,37.49324629,127.0953896,37.26583811
20240310,다바63258825,0,다사65001600,2,20,22,1,3,7344,1976,0,0,0,0,0,0,0,0,0,0,0,0,0,0,0,0,0,0,0,0,0,0,0,0,0,0,0,0,0,3.79,0,0,127.0884104,36.99313544,127.1067849,37.24334154
20240327,다사51254425,2,다사71005400,0,11,12,1,7,7302,698,0,0,0,0,0,0,0,0,0,0,0,0,0,0,0,0,0,0,0,0,0,0,0,0,0,3.02,0,0,0,0,0,0,126.9499033,37.49735525,127.1729478,37.58606556
20240331,다사72501850,0,다바79009075,0,15,16,1,7,7157,707,0,0,0,0,0,0,0,0,0,0,0,0,0,0,0,0,0,0,0,0,0,0,3.99,0,0,0,0,0,0,0,0,0,127.191254,37.26612692,127.2653369,37.01615305
20240308,다사30756975,2,다사47754575,0,11,13,1,7,7106,1584,0,0,0,0,0,0,0,0,0,0,0,0,0,0,0,0,0,0,0,0,0,0,0,0,4.13,0,0,0,0,0,0,0,126.7155925,37.72587039,126.9102031,37.51068401
20240316,다사27004675,0,다사53255050,0,8,9,1,7,6907,876,0,0,0,0,0,0,0,0,0,0,0,0,0,0,0,0,0,0,3.83,0,0,0,0,0,0,0,0,0,0,0,0,0,126.6753358,37.51829112,126.9721317,37.55379122
20240308,다사55755300,0,다사63002375,2,16,18,1,3,6810,2117,0,0,0,0,0,0,0,0,0,0,0,0,0,0,0,0,0,0,0,0,0,0,0,0,0,0,0,0,0,0,4.45,0,127.0002841,37.57644742,127.083851,37.31312121
20240313,다사30755650,0,다사57505800,0,10,12,1,7,6782,1564,0,0,0,0,0,0,0,0,0,3.97,0,0,0,0,0,0,0,0,0,0,0,0,0,0,0,0,0,0,0,0,0,0,126.7168483,37.60645388,127.0198127,37.62159564
20240304,다사69005875,2,다사55754200,0,7,9,1,7,6753,1792,0,0,0,0,0,0,3.17,0,0,0,0,0,0,0,0,0,0,0,0,0,0,0,0,0,0,0,0,0,0,0,0,0,127.1500947,37.62881396,127.000945,37.47730131
20240307,다사41505125,0,다사62506125,2,21,22,1,3,6609,1091,0,0,0,0,0,0,0,3.5,0,0,0,0,0,0,0,0,0,0,0,0,0,0,0,0,0,0,0,0,0,0,0,0,126.8390508,37.55988131,127.0763041,37.65110554
20240328,다사43755100,1,다사56755275,2,17,18,1,3,6297,1812,0,0,0,0,0,0,4.16,0,0,0,0,0,0,0,0,0,0,0,0,0,0,0,0,0,0,0,0,0,0,0,0,0,126.864544,37.55776792,127.0116234,37.57424151
20240302,다사61504525,0,다사46754250,0,11,12,1,7,6179,1153,0,0,0,0,0,0,0,0,0,0,0,0,0,0,0,0,0,0,0,0,2.41,0,0,0,0,0,2.46,0,0,0,0,0,127.0658063,37.5068517,126.8991234,37.48133415
20240315,다사35256300,1,다사50754450,2,18,19,1,3,5984,728,0,0,0,0,0,0,0,4.03,0,0,0,0,0,0,0,0,0,0,0,0,0,0,0,0,0,0,0,0,0,0,0,0,126.767252,37.66536385,126.9442303,37.49958209
20240327,다사34256300,3,다사53255025,0,10,11,1,7,5895,1096,0,0,0,0,0,0,0,0,0,0,0,0,0,0,0,0,0,0,0,0,0,0,0,0,3.9,0,0,0,0,0,0,0,126.7559144,37.66529288,126.9721476,37.55153792
20240312,다사54001050,1,다사49752900,0,17,18,1,7,5693,1628,0,0,0,0,0,0,0,0,0,0,0,0,0,0,0,0,0,0,0,0,0,0,3.36,0,0,0,0,0,0,0,0,0,126.9831025,37.19328926,126.9339703,37.35982167
20240322,다사67004850,0,다사50504300,2,12,13,1,3,5577,1247,0,0,0,0,0,0,0,0,0,0,0,0,0,0,0,0,0,0,0,0,0,0,0,0,0,0,0,0,0,0,0,0,127.1278893,37.53635774,126.9415028,37.48604887
20240316,다사63005000,0,다사46755400,2,12,14,1,3,5556,1718,0,0,0,0,0,0,0,0,0,0,0,0,0,0,0,0,0,0,0,0,0,3.02,0,0,0,0,0,0,0,0,0,0,127.0825391,37.54972644,126.8982912,37.58498501
20240307,다사58754650,1,다사42505200,2,18,19,1,3,5418,1364,0,0,0,0,0,0,0,0,0,0,0,0,0,0,0,0,0,0,0,0,0,0,3.19,0,0,0,0,0,0,0,0,0,127.0346224,37.51799992,126.8503139,37.56670389
20240304,다사55004300,2,다사71503800,1,7,7,1,1,5377,909,0,0,0,0,0,0,0,0,3.21,0,0,0,0,0,0,0,0,0,0,0,0,0,0,0,0,0,0,0,0,0,0,0,126.9924019,37.48627852,127.1792288,37.44186507
20240331,다사26256050,0,다사28257700,1,10,10,1,1,5327,756,0,0,0,0,0,0,0,0,0,0,0,0,0,0,0,0,0,0,0,0,0,0,0,0,0,3.09,0,0,0,0,0,0,126.6654674,37.64215463,126.6865107,37.79101784
20240311,다사25754825,0,다사44004975,0,21,22,1,7,5277,995,0,0,0,0,0,3.5,0,0,0,0,0,0,0,0,0,0,0,0,0,0,0,0,0,0,0,0,0,0,0,0,0,0,126.6610406,37.53171051,126.8674696,37.54651682
20240315,다사45503750,1,다사59754950,0,13,14,1,7,5272,1574,0,0,0,0,0,0,0,3.55,0,0,0,0,0,0,0,0,0,0,0,0,0,0,0,0,0,0,0,0,0,0,0,0,126.8853548,37.43619536,127.0457743,37.54508397
20240319,다사52255125,1,다사66505925,0,19,21,1,7,5228,1701,0,0,0,0,0,3.15,0,0,0,0,0,0,0,0,0,0,0,0,0,0,0,0,0,0,0,0,0,0,0,0,0,0,126.9607619,37.56049994,127.12174,37.63323318
20240312,다사60752450,2,다사54004275,1,6,7,1,1,5182,940,0,0,0,0,0,0,0,0,0,0,0,0,0,0,0,0,0,0,0,0,0,0,0,0,0,3.75,0,0,0,0,0,0,127.05842,37.31978946,126.9811065,37.48397605
20240321,다사47503775,0,다사57755250,2,14,17,2,3,5153,2877,0,0,0,0,0,0,0,0,0,0,0,0,0,0,0,0,0,0,0,3.5,0,0,0,0,0,0,0,0,0,0,0,0,126.9079436,37.43856408,127.0229621,37.57203451
20240317,다사66001225,2,다사47251075,0,13,17,1,7,5087,3998,0,0,0,0,0,0,0,0,0,0,0,0,0,0,0,0,0,0,0,0,0,0,3.68,0,0,0,0,0,0,0,0,0,127.1182301,37.20957638,126.9070326,37.19518644
20240304,다사57004300,1,다사64005700,2,17,18,1,3,5078,1249,0,0,0,0,0,0,0,0,0,0,0,0,0,0,0,0,0,0,0,0,0,0,3.09,0,0,0,0,0,0,0,0,0,127.0150239,37.48637355,127.0935169,37.61285913
20240308,다사58754275,0,다사69252925,2,14,15,1,3,5057,663,0,0,0,0,0,0,0,0,0,0,0,0,0,0,3.38,0,0,0,0,0,0,0,0,0,0,0,0,0,0,0,0,0,127.0348322,37.4841998,127.1541562,37.36292385
20240331,다사65003025,0,다사63254600,2,6,7,1,3,5052,1563,0,0,0,0,0,0,0,0,0,0,0,0,0,0,0,0,0,0,0,0,0,0,0,0,0,0,0,0,0,0,0,0,127.1061154,37.37178744,127.0855688,37.51368288
20240330,다사54502100,2,다사66253400,0,9,9,1,7,4947,504,0,0,0,0,0,0,0,0,0,0,0,0,0,0,0,0,0,0,0,0,0,0,0,0,0,0,0,0,0,0,0,0,126.9880964,37.28795758,127.1200623,37.40563476
20240325,다사52003150,2,다사58254750,0,13,15,1,7,4895,1379,0,0,0,0,0,0,0,0,0,0,0,0,0,0,0,0,0,0,0,0,0,3.5,0,0,0,0,0,0,0,0,0,0,126.9592154,37.38247417,127.0289078,37.52699082
20240323,다사64004250,0,다사63752425,2,16,17,1,3,4754,1153,0,0,0,0,0,0,0,0,3.83,0,0,0,0,0,0,0,0,0,0,0,0,0,0,0,0,0,0,0,0,0,0,0,127.094226,37.4821653,127.0922905,37.31765753
20240330,다사31752875,2,다사16751900,0,9,13,1,7,4750,3613,0,0,0,0,0,0,0,0,0,0,3.75,0,0,0,0,0,0,0,0,0,0,0,0,0,0,0,0,0,0,0,0,0,126.7307453,37.35642115,126.5624789,37.26732423
20240304,다사59752825,0,다사69753825,2,15,15,1,3,4672,824,0,0,0,0,2.9,0,0,0,0,0,0,0,0,0,0,0,0,0,0,0,0,3.14,0,0,0,0,0,0,0,0,0,0,127.046931,37.35354793,127.1594356,37.44406312
20240305,다바60759650,2,다바47008800,1,7,8,1,1,4665,667,0,0,0,0,0,0,0,3.45,0,0,0,0,0,0,0,0,0,0,0,0,0,0,0,0,0,0,0,0,0,0,0,0,127.0598874,37.06740117,126.905819,36.99010833
20240321,다사22255500,0,다사30254075,2,19,20,1,3,4644,635,0,0,0,0,0,0,0,0,3.5,0,0,0,0,0,0,0,0,0,0,0,0,0,0,0,0,0,0,0,0,0,0,0,126.6207165,37.5922569,126.7126779,37.46446522
20240309,다사49754975,2,다사63254325,5,8,9,1,7,4639,1600,0,0,0,0,0,0,0,0,0,0,0,0,0,0,0,0,0,0,0,0,0,0,0,0,0,0,0,0,0,0,0,0,126.9325591,37.54684756,127.0857058,37.48889596
20240316,다사46753950,0,다사42252000,2,18,19,1,3,4607,943,0,0,0,0,0,0,0,0,0,0,0,0,0,0,0,0,0,0,0,0,0,0,0,0,0,0,4.32,0,0,0,0,0,126.8993398,37.4542945,126.8499813,37.27826583
20240321,다사59005725,0,다사54254200,0,11,12,1,7,4546,1168,0,0,0,0,0,0,0,0,0,0,0,0,0,3.5,0,0,0,0,0,0,0,0,0,0,0,0,0,0,0,0,0,0,127.0368519,37.61490369,126.9839806,37.47722844
20240309,다사53255350,0,다사69005125,2,18,20,1,3,4490,1573,0,0,0,0,0,0,0,3.54,0,0,0,0,0,0,0,0,0,0,0,0,0,0,0,0,0,0,0,0,0,0,0,0,126.9719408,37.58083076,127.1504111,37.56121382
20240311,다사58504350,1,다사65753100,2,19,20,1,3,4427,685,0,0,0,0,0,0,0,0,0,0,0,0,0,0,0,0,0,0,0,0,3.29,0,0,0,0,0,0,0,0,0,0,0,127.0319623,37.49094867,127.1145513,37.37857559
20240327,다사66252100,2,다사52752075,1,14,15,1,1,4416,1077,0,0,0,0,0,0,0,0,0,0,0,0,0,0,0,0,0,0,0,3.06,0,0,0,0,0,0,0,0,0,0,0,0,127.1206523,37.28845663,126.9683701,37.28561715
20240309,다사46504075,0,다사53255300,0,14,16,1,7,4412,2179,0,0,0,0,0,0,0,0,0,0,0,0,0,0,0,0,0,0,0,3.18,0,0,0,0,0,0,0,0,0,0,0,0,126.8964227,37.46554663,126.9719727,37.57632418
20240313,다사73751025,1,다바61259750,2,19,19,1,3,4371,577,0,0,0,0,0,0,0,0,0,0,0,0,0,0,0,0,0,0,0,0,0,0,0,0,4.1,0,0,0,0,0,0,0,127.2056411,37.19179766,127.0654603,37.07643597
20240327,다사60756300,2,다사63505000,0,9,10,1,7,4317,999,0,0,0,0,0,0,0,0,0,0,0,0,0,0,0,0,0,0,0,0,0,3.06,0,0,0,0,0,0,0,0,0,0,127.0563722,37.66680563,127.0881995,37.54974632
20240309,다사74006550,2,다사76505075,0,11,12,1,7,4265,920,0,0,0,0,0,0,0,0,0,0,0,0,0,0,0,0,0,0,0,0,0,0,0,0,0,0,0,0,0,0,3.5,0,127.2065194,37.6898082,127.2353464,37.55692798
20240315,다사44755000,2,다사58254750,1,6,7,1,1,4232,911,0,0,0,0,0,3.29,0,0,0,0,0,0,0,0,0,0,0,0,0,0,0,0,0,0,0,0,0,0,0,0,0,0,126.8759407,37.54881526,127.0289078,37.52699082
20240327,다바61009575,2,다사62001275,1,6,7,1,1,4211,1138,0,0,0,0,0,0,0,0,0,0,0,0,0,0,0,0,0,0,0,0,0,0,0,0,0,0,4.08,0,0,0,0,0,127.0627384,37.06065102,127.0731259,37.21392944
20240315,다사16256575,2,다사30255850,1,9,11,1,1,4208,1339,0,0,0,0,0,0,0,0,0,0,0,0,0,0,0,0,0,0,0,0,0,0,0,0,0,0,0,0,3.71,0,0,0,126.5515298,37.68861237,126.7109936,37.62444142
20240323,다사62004575,0,다사48505775,2,16,18,1,3,4206,1115,0,0,0,0,0,0,0,0,0,0,0,0,0,0,0,0,0,0,4.3,0,0,0,0,0,0,0,0,0,0,0,0,0,127.0714377,37.51137906,126.9178479,37.6188833
20240320,다사48005225,1,다사61254475,2,13,14,1,3,4181,1021,0,0,0,0,0,0,0,3.62,0,0,0,0,0,0,0,0,0,0,0,0,0,0,0,0,0,0,0,0,0,0,0,0,126.9125723,37.56928346,127.063004,37.50233457
20240327,다사52254575,0,다사35754725,0,13,14,1,7,4132,273,0,0,0,0,0,0,0,0,0,0,4.01,0,0,0,0,0,0,0,0,0,0,0,0,0,0,0,0,0,0,0,0,0,126.9611187,37.51092728,126.7743007,37.5234474
20240316,다바70009600,0,다사66500775,2,13,15,1,3,4092,1400,0,0,0,0,0,0,0,0,0,0,0,0,0,0,0,0,0,0,0,0,0,0,0,0,0,0,3.01,0,0,0,0,0,127.1639576,37.06323451,127.1240661,37.16903164
20240307,다사46004875,0,다사57755100,2,20,21,1,3,3984,1126,0,0,0,0,0,0,0,0,0,0,0,0,0,0,0,0,0,0,0,3,0,0,0,0,0,0,0,0,0,0,0,0,126.8901828,37.53762284,127.0230483,37.55851462
20240304,다사35003750,1,다사43502875,0,9,9,1,7,3898,276,0,0,0,0,0,3.16,0,0,0,0,0,0,0,0,0,0,0,0,0,0,0,0,0,0,0,0,0,0,0,0,0,0,126.7666729,37.43551861,126.8634159,37.35720956
20240322,다사43504800,0,다사29504675,0,20,20,1,7,3861,609,0,0,0,0,0,0,0,0,0,0,0,0,0,0,0,0,0,0,0,0,0,0,0,0,3.64,0,0,0,0,0,0,0,126.8619441,37.53071353,126.7036236,37.51848525
20240319,다사47753875,2,다사48255025,1,15,16,1,1,3858,1067,0,0,0,0,0,0,0,0,0,0,0,0,0,0,0,0,0,0,0,0,3.01,0,0,0,0,0,0,0,0,0,0,0,126.9106988,37.44759147,126.915544,37.5512713
20240320,다사49005025,3,다사61255500,2,18,19,2,3,3796,805,0,0,0,0,0,0,0,0,0,0,0,0,0,0,0,0,0,0,3.5,0,0,0,0,0,0,0,0,0,0,0,0,0,126.9240345,37.55131302,127.0624644,37.5947212
20240314,다사54004200,0,다사64254900,2,21,21,1,3,3765,787,0,0,0,0,0,0,0,0,0,0,0,0,0,0,0,0,0,0,0,0,0,0,0,0,3.34,0,0,0,0,0,0,0,126.9811532,37.47721606,127.0967386,37.54076225
20240328,다사53502050,2,다사57500875,1,6,6,1,1,3754,402,0,0,0,0,3.32,0,0,0,0,0,0,0,0,0,0,0,0,0,0,0,0,0,0,0,0,0,0,0,0,0,0,0,126.9768464,37.28340145,127.0226368,37.17768054
20240311,다사61500925,0,다사47750175,0,13,13,1,7,3752,322,0,0,0,0,0,0,0,0,0,0,0,0,0,0,0,0,0,0,0,0,0,0,0,4.2,0,0,0,0,0,0,0,0,127.0676707,37.18236045,126.9132934,37.11409103
20240316,다사45254225,0,다사31504625,0,16,16,1,7,3578,524,0,0,0,0,0,0,0,0,0,0,3.96,0,0,0,0,0,0,0,0,0,0,0,0,0,0,0,0,0,0,0,0,0,126.8821769,37.47899336,126.7263006,37.51412927
20240310,다사60506250,2,다사56255075,1,8,8,1,1,3529,973,0,0,0,0,0,3.56,0,0,0,0,0,0,0,0,0,0,0,0,0,0,0,0,0,0,0,0,0,0,0,0,0,0,127.0535646,37.66228837,127.0060803,37.55619149
20240331,다사39754325,6,다사32004300,0,11,12,1,7,3515,1131,0,0,0,0,2.17,0,0,0,0,0,0,0,0,0,0,0,0,0,0,0,0,2.25,0,0,0,0,0,0,0,0,0,0,126.8198926,37.48766478,126.7322579,37.48487442
20240331,다사36755575,4,다사46256300,2,11,11,1,3,3513,29,0,0,0,0,0,0,3.45,0,0,0,0,0,0,0,0,0,0,0,0,0,0,0,0,0,0,0,0,0,0,0,0,0,126.7848849,37.60012578,126.891968,37.66607271
20240308,다사73006950,2,다사66756000,1,6,6,1,1,3462,269,0,0,0,0,0,0,0,0,0,0,0,0,0,0,0,0,0,0,0,0,0,0,0,0,0,0,3.34,0,0,0,0,0,127.1950295,37.72583231,127.1245393,37.64000218
20240317,다사77003575,2,다사66753525,0,17,17,1,7,3351,348,0,0,0,0,0,0,0,0,0,0,0,0,0,0,0,0,0,0,0,0,0,0,0,0,0,0,0,0,0,0,0,0,127.2414738,37.42173667,127.1256558,37.41691979
20240308,다사69504025,2,다사58754575,1,7,8,1,1,3310,955,0,0,0,0,0,0,3.65,0,0,0,0,0,0,0,0,0,0,0,0,0,0,0,0,0,0,0,0,0,0,0,0,0,127.156527,37.46208209,127.0346644,37.51123991
20240304,다사68754775,0,다사59504550,0,11,12,1,7,3303,869,0,0,0,0,0,0,0,0,0,2.7,0,0,0,0,0,0,0,0,0,0,0,0,0,0,0,0,0,0,3.03,0,0,0,127.1477289,37.52965841,127.0431642,37.5090197
20240312,다사61005900,2,다사54505125,1,7,8,1,1,3291,1067,0,0,0,0,0,0,3.07,0,0,0,0,0,0,0,0,0,0,0,0,0,0,0,0,0,0,0,0,0,0,0,0,0,127.0594198,37.63076358,126.9862367,37.56061355
20240329,다사41754925,2,다사51504950,1,7,8,1,2,3288,1032,0,0,0,2.5,0,0,0,0,0,0,0,0,0,0,0,0,0,0,0,3.48,0,0,0,0,0,0,0,0,0,0,0,0,126.8420397,37.54187113,126.9523857,37.5446878
20240304,다사48504425,1,다사60004625,2,18,19,1,3,3273,946,0,0,0,0,0,0,0,0,0,0,0,0,0,0,0,0,0,0,0,0,0,0,0,3.52,0,0,0,0,0,0,0,0,126.9187938,37.49720629,127.0487808,37.51580147
20240329,다사56505450,2,다사46504675,1,7,8,1,2,3250,804,0,0,0,0,0,0,0,0,0,0,0,0,0,0,0,0,0,0,0,0,0,0,0,0,0,0,0,0,0,0,0,0,127.0086887,37.59000288,126.8959874,37.51962569
20240329,다사49254750,0,다사39504075,2,13,15,1,3,3163,1344,0,0,0,0,0,0,0,0,0,0,0,0,0,0,0,0,0,0,0,0,0,0,3.75,0,0,0,0,0,0,0,0,0,126.9270543,37.52654062,126.8172699,37.46511582
20240302,나사92507575,2,다사00756725,0,12,13,1,7,3118,633,0,0,0,0,0,0,0,0,0,0,0,0,3.82,0,0,0,0,0,0,0,0,0,0,0,0,0,0,0,0,0,0,0,126.2807314,37.77625119,126.3755541,37.70058499
20240327,다사56005350,0,다사64754575,3,13,14,1,7,3081,723,0,0,0,0,0,0,0,0,0,0,0,0,0,0,0,0,0,0,0,0,0,0,0,0,3.81,0,0,0,0,0,0,0,127.0030853,37.58096597,127.1025537,37.51148786
20240331,다사50254425,2,다사62004825,0,9,10,1,7,3073,794,0,0,0,0,0,0,0,4.03,0,0,0,0,0,0,0,0,0,0,0,0,0,0,0,0,0,0,0,0,0,0,0,0,126.9385907,37.49730203,127.0713087,37.53391251
20240310,다사52504775,0,다사42254875,0,13,14,1,7,3056,778,0,0,3.72,0,0,0,0,2.78,0,0,0,0,0,0,0,0,0,0,0,0,0,0,0,3.74,0,0,0,0,0,0,0,0,126.9638184,37.52896663,126.8477385,37.53739602
20240316,다사51504300,2,다사56505050,0,11,13,1,7,2964,1416,0,0,0,0,0,0,0,0,0,0,0,0,0,0,0,0,0,0,0,0,0,0,0,0,0,0,0,0,0,0,0,0,126.9528136,37.4861018,127.0089255,37.55394998
20240319,다사62754350,0,다사55253650,0,4,5,1,7,2932,146,0,3.5,0,0,0,0,0,0,0,0,0,0,0,0,0,0,0,0,0,0,0,0,0,0,0,0,0,0,0,0,0,0,127.0800374,37.49112935,126.9956232,37.42770365
20240316,다사66002475,0,다사57251625,2,17,18,1,3,2891,633,0,0,0,0,0,4.22,0,0,0,0,0,0,0,0,0,0,0,0,0,0,0,0,0,0,0,0,0,0,0,0,0,0,127.1176608,37.32224917,127.019392,37.24527259
20240316,다사34754500,0,다사44754100,2,19,20,1,3,2862,822,0,0,0,0,0,0,0,0,0,0,0,0,0,0,3.71,0,0,0,0,0,0,0,0,0,0,0,0,0,0,0,0,0,126.763184,37.5030983,126.8766157,37.46769719
20240311,다사60006725,1,다사57255725,2,16,19,1,3,2855,2731,0,0,0,0,0,0,0,3.64,0,0,0,0,0,0,0,0,0,0,0,0,0,0,0,0,0,0,0,0,0,0,0,0,127.0476358,37.70507902,127.0170235,37.6148242
20240306,다사59752025,6,다사62251025,2,21,22,1,3,2847,474,0,0,0,0,0,0,0,0,3.61,0,0,0,0,0,0,0,0,0,0,0,0,0,0,0,0,0,0,0,0,0,0,0,127.0473636,37.28143862,127.0760695,37.19140488
20240306,다사64503525,1,다사63752575,2,18,19,1,3,2847,566,0,0,0,0,0,3.35,0,0,0,0,0,0,0,0,0,0,0,0,0,0,0,0,0,0,0,0,0,0,0,0,0,0,127.1002292,37.41683654,127.0922175,37.33117809
20240310,다사36503225,2,다사43002475,0,8,8,1,7,2817,564,0,0,0,0,0,0,0,0,0,0,0,0,0,0,0,0,3.5,0,0,0,0,0,0,0,0,0,0,0,0,0,0,0,126.7840777,37.38830384,126.8580771,37.32112566
20240306,다사47004750,2,다사49753850,0,11,14,1,7,2774,2397,0,0,0,0,0,0,0,0,0,0,0,0,0,0,0,0,0,0,0,0,0,0,0,3.44,0,0,0,0,0,0,0,0,126.9015913,37.52641434,126.9333259,37.44544872
20240323,다사54251075,2,다사61750500,0,10,13,2,7,2671,2222,0,0,0,0,0,0,0,0,0,0,0,0,0,0,0,0,0,0,3.5,0,0,0,0,0,0,0,0,0,0,0,0,0,126.985904,37.19555496,127.0707038,37.14406151
20240329,다사90251675,0,다사98251775,2,16,16,1,3,2667,29,0,0,0,0,0,0,0,0,0,0,0,0,0,0,0,0,0,0,0,0,0,0,0,0,3.04,0,0,0,0,0,0,0,127.3914675,37.25070519,127.4816741,37.25976756
20240308,다사26004750,2,다사24253625,0,14,15,1,7,2648,835,0,0,0,0,0,0,0,0,0,0,0,0,0,0,0,0,0,0,0,0,0,0,0,0,0,0,0,0,0,4.24,0,0,126.6639453,37.52497108,126.6452978,37.42343636
20240313,다사47003700,2,다사54253150,0,11,12,1,7,2646,684,0,0,0,0,0,0,0,0,0,0,0,0,0,0,0,0,0,0,0,0,0,0,0,0,0,0,0,0,0,0,3.5,0,126.9023455,37.43177567,126.9846299,37.38258766
20240315,다사24254100,2,다사30003375,1,7,8,1,1,2635,773,0,0,0,0,0,0,0,0,0,0,0,0,0,0,0,0,0,0,0,0,0,3.5,0,0,0,0,0,0,0,0,0,0,126.6448106,37.46624689,126.7105141,37.40135597
20240330,다사57755975,0,다사61505150,2,22,23,1,3,2602,831,0,0,0,0,0,0,0,0,0,0,0,0,0,0,0,0,0,0,0,0,0,0,0,0,0,0,0,0,3.5,0,0,0,127.0225446,37.63738015,127.0654796,37.56318516
20240306,다사73257075,2,다사78007825,1,8,9,1,1,2576,669,0,0,0,0,0,3.38,0,0,0,0,0,0,0,0,0,0,0,0,0,0,0,0,0,0,0,0,0,0,0,0,0,0,127.1978207,37.7371061,127.251504,37.80483072
20240311,다사30753725,0,다사30754550,0,18,18,1,7,2568,716,0,0,0,0,0,0,0,3.25,0,0,0,0,0,0,0,0,0,0,0,0,0,0,0,0,0,0,0,0,0,0,0,0,126.7186596,37.43295759,126.7178852,37.50731377
20240315,다사57751600,2,다사52750825,1,7,10,1,1,2561,2234,0,0,0,0,0,0,0,0,0,0,3.6,0,0,0,0,0,0,0,0,0,0,0,0,0,0,0,0,0,0,0,0,0,127.0250436,37.2430419,126.9691606,37.17294601
20240322,다사61251600,2,다사65250725,0,19,19,1,7,2554,597,0,0,0,0,0,0,0,0,0,0,0,0,0,0,0,0,0,0,0,0,0,0,0,0,0,3.77,0,0,0,0,0,0,127.0645047,37.2431936,127.1100096,37.16447916
20240324,다사37503150,2,다사38752275,0,17,17,1,7,2527,434,0,0,0,0,3.5,0,0,0,0,0,0,0,0,0,0,0,0,0,0,0,0,0,0,0,0,0,0,0,0,0,0,0,126.7954368,37.38161182,126.810277,37.30282913
20240311,다사51754025,6,다사48755050,3,17,18,1,7,2509,620,0,0,0,0,0,0,0,0,0,0,0,0,0,0,0,0,0,0,0,0,0,0,0,0,0,0,0,0,0,0,0,0,126.9558211,37.46132829,126.9211869,37.55355246
20240322,다사36253825,0,다사31503100,2,11,12,1,3,2484,314,0,0,0,0,0,0,0,0,0,0,0,0,0,0,0,0,0,0,0,0,0,0,0,0,3.5,0,0,0,0,0,0,0,126.7807368,37.44236521,126.7277148,37.37668213
20240321,다사72504875,0,다사66004375,1,10,10,1,1,2457,659,0,0,0,0,0,0,3.3,0,0,0,0,0,0,0,0,0,0,0,0,0,0,0,0,0,0,0,0,0,0,0,0,0,127.1901333,37.53879086,127.1167895,37.49350768
20240321,다사54755250,0,다사49754525,2,22,22,1,3,2438,750,0,0,0,0,0,0,0,0,0,0,0,0,0,0,0,0,0,0,0,0,0,0,0,3.61,0,0,0,0,0,0,0,0,126.9889903,37.57189234,126.9328663,37.50628824
20240328,다사57005925,0,다사56255200,3,16,17,1,7,2425,1322,0,0,0,0,0,0,0,0,0,0,0,0,0,0,0,0,0,0,0,0,0,0,0,0,0,3,0,0,0,0,0,0,127.0140736,37.63283888,127.0060059,37.56745803
20240319,다사99251300,1,다사95752050,2,22,22,1,3,2422,204,0,0,0,0,0,0,0,0,0,0,0,0,0,0,0,0,0,0,0,0,0,0,0,0,0,0,0,0,0,0,0,0,127.4929556,37.21695195,127.4534652,37.28454837
20240314,다사58001050,1,다사61500375,2,11,12,1,3,2404,267,0,0,0,0,0,0,0,0,0,0,0,0,0,0,0,0,0,0,0,3.19,0,0,0,0,0,0,0,0,0,0,0,0,127.0281711,37.19347732,127.0679529,37.13278383
20240325,다사66506750,0,다사59256000,2,21,22,1,3,2386,412,0,0,0,0,0,0,0,0,0,0,0,0,0,0,0,0,0,0,0,0,0,0,0,0,0,0,0,0,4.45,0,0,0,127.1213623,37.70759215,127.0395316,37.63970102
20240322,다사41006200,2,다사46756700,0,13,15,1,7,2359,1762,0,0,0,0,0,0,0,0,0,0,0,0,0,0,0,0,0,0,0,0,0,0,0,0,0,0,0,3.17,0,0,0,0,126.8325246,37.65673803,126.8973454,37.70215334
20240323,다사60751225,2,다사57251950,3,9,10,1,7,2313,1403,0,0,0,0,0,0,0,0,0,0,0,0,0,0,0,0,0,0,0,0,0,0,0,0,0,0,0,0,0,3.5,0,0,127.0590643,37.20937092,127.0192058,37.27456716
20240306,다사56002300,2,다사60251625,1,7,8,1,1,2215,874,0,0,0,0,0,0,0,0,0,3.5,0,0,0,0,0,0,0,0,0,0,0,0,0,0,0,0,0,0,0,0,0,0,127.0049001,37.30605683,127.0532168,37.24540504
20240311,다사32257025,2,다사39007375,1,8,8,1,1,2166,516,0,0,0,0,0,0,0,0,0,0,0,0,0,0,0,0,0,0,0,0,0,3.5,0,0,0,0,0,0,0,0,0,0,126.7325661,37.73048866,126.8088689,37.76250666
20240316,다사55501850,4,다사63001825,2,16,17,1,3,2158,496,3.5,0,0,0,0,0,0,0,0,0,0,0,0,0,0,0,0,0,0,0,0,0,0,0,0,0,0,0,0,0,0,0,126.9995268,37.26547167,127.084124,37.26354558
20240305,다사64750875,2,다사62000250,1,6,7,1,1,2152,831,0,0,0,0,0,0,0,0,0,3.09,0,0,0,0,0,0,0,0,0,0,0,0,0,0,0,0,0,0,0,0,0,0,127.1043076,37.17798142,127.0736453,37.12153673
20240321,다사26253625,2,다사24754350,1,7,7,1,1,2091,485,0,0,0,0,0,0,3.48,0,0,0,0,0,0,0,0,0,0,0,0,0,0,0,0,0,0,0,0,0,0,0,0,0,126.6678993,37.42359761,126.6502091,37.48881944
20240330,다사61505150,0,다사67504625,2,20,20,1,3,2091,823,0,0,0,0,0,0,0,0,0,0,3.81,0,0,0,0,0,0,0,0,0,0,0,0,0,0,0,0,0,0,0,0,0,127.0654796,37.56318516,127.1336478,37.51609519
20240316,다사32505275,0,다사25755450,0,16,16,1,7,2027,583,0,0,0,0,0,0,0,0,0,0,0,0,0,0,0,0,0,0,0,0,0,0,0,0,0,0,0,0,0,0,0,0,126.7370184,37.57278605,126.6604088,37.58803929
20240330,다사41755800,2,다사49005775,0,17,18,1,7,2016,732,0,0,0,0,0,0,0,0,3.5,0,0,0,0,0,0,0,0,0,0,0,0,0,0,0,0,0,0,0,0,0,0,0,126.8413453,37.62073441,126.9235134,37.61891112
20240312,다사51503425,0,다사53752725,0,19,19,1,7,2006,5,0,0,0,0,0,0,0,0,0,0,0,0,3.63,0,0,0,0,0,0,0,0,0,0,0,0,0,0,0,0,0,0,0,126.9533877,37.40723511,126.979247,37.34425553
20240318,다사67754550,2,다사59004650,1,6,7,1,1,1966,889,0,0,0,0,0,4.45,0,0,0,0,0,0,0,0,0,0,0,0,0,0,0,0,0,0,0,0,0,0,0,0,0,0,127.1365096,37.50934383,127.0374514,37.51801104
20240330,다사69752050,0,다사63501925,2,16,18,1,3,1950,2104,0,0,0,0,0,0,0,0,3.16,0,0,0,0,0,0,0,0,0,0,0,0,0,0,0,0,0,0,0,0,0,0,0,127.1601579,37.28406967,127.0897139,37.27257904
20240324,다사51754775,2,다사46505200,0,13,14,2,7,1926,1118,0,0,0,0,0,0,0,0,0,3.5,0,0,0,0,0,0,0,0,0,0,0,0,0,0,0,0,0,0,0,0,0,0,126.9553304,37.52892779,126.8956055,37.56694445
20240326,다사36506050,0,다사35006700,2,12,13,1,3,1920,688,0,0,0,0,0,0,0,0,0,0,0,0,0,0,0,0,0,0,0,3.5,0,0,0,0,0,0,0,0,0,0,0,0,126.7816412,37.64291925,126.7640615,37.70139678
20240313,다사47254575,2,다사50255075,0,10,11,1,7,1910,722,0,0,0,0,3.04,0,0,0,0,0,0,0,0,0,0,0,0,0,0,0,0,0,0,0,0,0,0,0,0,0,0,0,126.9045459,37.51065563,126.9381515,37.55588778
20240326,다사61504275,2,다사63754900,1,7,8,1,1,1905,812,0,0,0,0,0,0,0,0,0,0,0,0,0,0,0,0,0,0,0,0,0,0,0,0,0,0,0,0,0,0,0,0,127.0659368,37.48431817,127.0910789,37.54074278
20240309,다사52004225,2,다사58004425,0,11,11,1,7,1903,139,0,0,0,0,0,0,0,0,0,0,0,0,0,0,0,0,0,0,0,3.35,0,0,0,0,0,0,0,0,0,0,0,0,126.9585178,37.47936789,127.0262637,37.49768615
20240303,다사53504875,2,다사58254425,1,13,14,1,1,1890,723,0,0,0,0,0,0,0,0,0,0,3.5,0,0,0,0,0,0,0,0,0,0,0,0,0,0,0,0,0,0,0,0,0,126.9750726,37.53803071,127.0290919,37.49769746
20240317,다사54005125,1,다사52004350,2,8,9,1,3,1888,828,0,0,0,0,0,0,0,0,0,0,0,0,0,0,0,0,0,0,0,0,0,0,0,0,0,0,4.22,0,0,0,0,0,126.9805756,37.56058878,126.9584365,37.4906345
20240329,다사55751850,1,다사62251950,2,16,16,1,3,1873,751,0,0,0,0,0,0,0,0,0,0,0,0,0,0,0,0,0,3.5,0,0,0,0,0,0,0,0,0,0,0,0,0,0,127.0023463,37.26548356,127.0756024,37.27478278
20240327,다사66004675,3,다사59254325,2,20,20,1,3,1791,450,0,0,0,0,0,0,0,0,0,0,0,0,0,0,0,0,0,4.18,0,0,0,0,0,0,0,0,0,0,0,0,0,0,127.1166513,37.52054804,127.0404599,37.48872863
20240322,다사38004300,1,다사44254250,2,16,17,1,3,1767,602,0,0,0,0,0,0,0,0,0,3.5,0,0,0,0,0,0,0,0,0,0,0,0,0,0,0,0,0,0,0,0,0,0,126.8001197,37.48529592,126.8708484,37.48118697
20240316,다사29503950,0,다사27503400,0,18,18,2,7,1682,61,0,0,0,3.5,0,0,0,0,0,0,0,0,0,0,0,0,0,0,0,0,3.5,0,0,0,0,0,0,0,0,0,0,0,126.704317,37.45314234,126.6822458,37.40341723
20240317,다바67259050,0,다바63008775,2,13,14,1,3,1680,662,0,0,0,3.1,0,0,0,0,0,0,0,0,0,0,0,0,0,0,0,0,0,0,0,0,0,0,0,0,0,0,0,0,127.1332639,37.01356483,127.0856255,36.98861856
20240326,다사63001925,2,다사62501300,0,18,18,1,7,1666,435,0,0,0,0,0,0,0,0,0,0,0,0,0,0,0,0,0,0,0,0,0,0,0,3.76,0,0,0,0,0,0,0,0,127.0840744,37.27255936,127.0787485,37.21620308
20240303,다사61755200,1,다사56005225,3,12,14,1,7,1646,2137,0,0,0,0,0,0,0,0,0,0,3.5,0,0,0,0,0,0,0,0,0,0,0,0,0,0,0,0,0,0,0,0,0,127.0682843,37.5677022,127.0031602,37.56969946
20240301,다사31254350,0,다사25503975,2,15,15,1,3,1634,663,0,0,0,0,0,0,0,0,0,0,0,0,0,0,0,0,0,0,0,0,0,0,0,0,0,0,4.21,0,0,0,0,0,126.7237286,37.48932542,126.6590708,37.4550824
20240311,다사54251650,1,다사52752175,0,11,11,1,7,1609,172,0,0,0,0,0,0,0,0,3.5,0,0,0,0,0,0,0,0,0,0,0,0,0,0,0,0,0,0,0,0,0,0,0,126.9855521,37.24738389,126.9683067,37.29463075
20240308,다사41505950,2,다사46756150,0,11,13,1,7,1609,2323,0,0,0,0,0,0,0,0,0,0,0,0,0,0,0,0,0,0,0,0,0,0,3.61,0,0,0,0,0,0,0,0,0,126.8383927,37.63423787,126.8977462,37.65258241
20240302,다사60005075,6,다사57255525,0,15,16,1,7,1595,1000,0,0,0,0,0,0,0,0,0,0,0,0,0,0,0,0,0,0,0,0,3.15,0,0,0,0,0,0,0,0,0,0,0,127.0485363,37.55636146,127.0171401,37.59679784
20240319,다사49502875,2,다사49002375,0,16,17,1,7,1563,243,0,0,0,0,3.26,0,0,0,0,0,0,0,0,0,0,0,0,0,0,0,0,0,0,0,0,0,0,0,0,0,0,0,126.9311644,37.35755477,126.9258617,37.31246016
20240305,다사58505200,0,다사54504650,0,14,14,1,7,1558,448,0,0,0,0,0,0,0,0,0,0,0,0,0,0,0,0,0,0,0,0,0,0,0,0,0,0,0,0,4.43,0,0,0,127.0314833,37.56756189,126.9865304,37.51780064
20240320,다사84255250,0,다사82004800,1,14,14,1,1,1536,134,0,0,0,0,0,0,0,0,0,0,0,3.27,0,0,0,0,0,0,0,0,0,0,0,0,0,0,0,0,0,0,0,0,127.3230547,37.57286573,127.2976844,37.5322639
20240306,다사58256025,2,다사58755525,1,12,13,1,1,1520,856,0,0,0,0,0,0,0,0,0,0,0,0,0,0,0,0,0,0,3.36,0,0,0,0,0,0,0,0,0,0,0,0,0,127.0281831,37.64190952,127.0341317,37.59686613
20240315,다사61758950,0,다사66508800,0,9,9,1,7,1516,552,0,0,0,0,0,0,0,0,0,0,0,3.4,0,0,0,0,0,0,0,0,0,0,0,0,0,0,0,0,0,0,0,0,127.0663171,37.90569144,127.120418,37.89235884
20240307,다사61505975,2,다사56756050,1,7,8,1,1,1511,481,0,0,0,0,0,0,0,0,0,3.14,0,0,0,0,0,0,0,0,0,0,0,0,0,0,0,0,0,0,0,0,0,0,127.0650469,37.6375445,127.0111665,37.64409358
20240313,다사37504225,0,다사31004075,2,17,18,1,3,1509,880,0,0,0,0,0,0,0,0,0,0,0,0,0,0,0,0,0,0,4.48,0,0,0,0,0,0,0,0,0,0,0,0,0,126.7945281,37.47850253,126.7211582,37.46452142
20240301,다사58001150,2,다사58751675,0,18,18,1,7,1505,188,0,0,0,0,0,0,0,0,0,0,0,0,0,0,0,3.5,0,0,0,0,0,0,0,0,0,0,0,0,0,0,0,0,127.028115,37.20249114,127.0362767,37.2498469
20240323,다사38005200,0,다사42504900,2,17,17,1,3,1501,188,0,0,0,0,0,0,0,0,0,3.49,0,0,0,0,0,0,0,0,0,0,0,0,0,0,0,0,0,0,0,0,0,0,126.7993615,37.56641249,126.8505486,37.53966488
20240319,다사42254475,2,다사42255000,0,12,12,1,7,1497,530,0,0,0,0,0,0,0,0,0,0,0,3.38,0,0,0,0,0,0,0,0,0,0,0,0,0,0,0,0,0,0,0,0,126.8480523,37.50134382,126.8476404,37.54866229
20240307,다사35005525,0,다사39755275,0,10,14,1,7,1489,4414,0,0,0,0,0,0,0,0,0,0,0,0,0,0,0,0,0,0,0,0,0,0,3.53,0,0,0,0,0,0,0,0,0,126.7651058,37.59549761,126.8191147,37.57328812
20240325,다사44754075,2,다사46004550,0,9,9,1,7,1487,742,0,0,0,0,0,0,0,0,0,0,0,0,0,0,0,0,0,0,0,0,0,0,3.28,0,0,0,0,0,0,0,0,0,126.8766344,37.4654439,126.8904211,37.5083302
20240319,다사62001275,1,다사58501625,2,17,18,1,3,1468,929,0,0,0,3.4,0,0,0,0,0,0,0,0,0,0,0,0,0,0,0,0,0,0,0,0,0,0,0,0,0,0,0,0,127.0731259,37.21392944,127.0334856,37.24532895
20240328,다사27004475,0,다사23754900,2,20,21,1,3,1449,463,0,0,0,0,0,0,3.71,0,0,0,0,0,0,0,0,0,0,0,0,0,0,0,0,0,0,0,0,0,0,0,0,0,126.6755341,37.50026569,126.6383288,37.53830698
20240306,다사67005025,2,다사65754575,0,13,13,1,7,1438,653,0,0,0,0,0,0,0,0,0,0,3.25,0,0,0,0,0,0,0,0,0,0,0,0,0,0,0,0,0,0,0,0,0,127.1278109,37.5521312,127.1138686,37.51152539
20240322,다사74003725,0,다사78253425,1,16,16,1,1,1422,17,0,0,0,0,0,0,0,3.59,0,0,0,0,0,0,0,0,0,0,0,0,0,0,0,0,0,0,0,0,0,0,0,0,127.2075165,37.43517815,127.2556447,37.40824615
20240311,다사40756050,2,다사35256225,1,9,9,1,1,1390,211,0,0,0,0,0,0,0,0,0,0,0,0,0,0,0,0,0,0,4.06,0,0,0,0,0,0,0,0,0,0,0,0,0,126.829812,37.64320273,126.7673184,37.65860434
20240318,다사65752875,1,다사63753150,2,18,18,1,3,1388,485,0,0,0,0,4.6,0,0,0,0,0,0,0,0,0,0,0,0,0,0,0,0,2.51,0,0,0,0,0,0,0,0,0,0,127.114655,37.35829485,127.091937,37.38300662
20240321,다사73507125,0,다사73756625,0,20,20,1,7,1370,86,0,0,0,0,0,0,3.66,0,0,0,0,0,0,0,0,0,0,0,0,0,0,0,0,0,0,0,0,0,0,0,0,0,127.2006398,37.74161992,127.2036569,37.69656104
20240323,다사67003700,0,다사70004000,2,6,6,1,3,1354,127,0,0,0,0,0,0,0,0,0,0,0,0,0,0,0,0,0,0,0,0,0,0,0,0,0,0,0,0,0,0,0,0,127.128403,37.43270249,127.1621909,37.459845
20240325,다사77256100,1,다사73505850,0,11,11,1,7,1335,22,0,0,0,0,3.44,0,0,0,0,0,0,0,0,0,0,0,0,0,0,0,0,0,0,0,0,0,0,0,0,0,0,0,127.2435209,37.64933425,127.2011013,37.62670084
20240313,다사78002625,2,다사77253075,0,9,9,1,7,1278,178,0,0,0,0,0,0,0,0,0,0,0,3.5,0,0,0,0,0,0,0,0,0,0,0,0,0,0,0,0,0,0,0,0,127.2530563,37.33613005,127.2444523,37.37667416
20240311,다사37252550,2,다사33502300,1,7,7,2,1,1228,417,0,0,0,0,0,0,0,0,0,3.5,0,0,0,0,0,0,0,0,0,0,0,0,0,0,0,0,0,0,0,0,0,0,126.7931204,37.32751575,126.7510191,37.30472238
20240302,다사80759325,2,다사77759675,0,9,9,1,7,1221,100,0,0,0,0,0,0,0,0,0,0,0,3.69,0,0,0,0,0,0,0,0,0,0,0,0,0,0,0,0,0,0,0,0,127.2823459,37.94008793,127.2480966,37.97156491
20240324,다사30255400,1,다사27255200,2,19,19,1,3,1213,308,0,0,0,0,0,0,0,0,0,0,0,0,0,0,0,0,0,0,0,0,0,0,0,0,0,0,0,3.05,0,0,0,0,126.7114219,37.58388449,126.677645,37.56562737
20240302,다사61505025,0,다사60755450,0,15,16,1,7,1211,1723,0,0,0,0,0,0,0,3.63,0,0,0,0,0,0,0,0,0,0,0,0,0,0,0,0,0,0,0,0,0,0,0,0,127.065545,37.55191851,127.0568273,37.59019344
20240305,다사27003525,0,다사31753400,2,13,16,1,3,1204,2565,0,0,0,0,4.04,0,0,0,0,0,0,0,0,0,0,0,0,0,0,0,0,0,0,0,0,0,0,0,0,0,0,0,126.6764736,37.41464412,126.7302618,37.40373959
20240307,다사36506475,2,다사37006050,0,10,11,1,7,1189,405,0,0,0,0,0,0,0,0,0,0,0,0,0,0,0,0,0,0,0,0,0,0,0,0,0,0,0,0,0,0,3.69,0,126.7812719,37.68122325,126.7873083,37.64295362
20240303,다사58005300,2,다사59504950,0,15,15,1,7,1175,308,0,0,0,0,3.22,0,0,0,0,0,0,0,0,0,0,0,0,0,0,0,0,0,0,0,0,0,0,0,0,0,0,0,127.0257645,37.57655253,127.0429443,37.54507305
20240321,다사27004025,1,다사23504075,2,17,18,1,3,1156,426,0,0,0,0,0,0,3.14,0,0,0,0,0,0,0,0,0,0,0,0,0,0,0,0,0,0,0,0,0,0,0,0,0,126.6759796,37.45970826,126.6363562,37.46393204
20240329,다사51503250,1,다사48003350,2,22,22,1,3,1152,933,0,0,0,0,0,3.16,0,0,0,0,0,0,0,0,0,0,0,0,0,0,0,0,0,0,0,0,0,0,0,0,0,0,126.9535023,37.39146164,126.913894,37.40028565
20240303,다사22504550,0,다사26254775,0,15,15,1,7,1152,563,0,0,0,3.64,0,0,0,0,0,0,0,0,0,0,0,0,0,0,0,0,0,0,0,0,0,0,0,0,0,0,0,0,126.6245501,37.50665887,126.6667493,37.52724424
20240325,다사40502475,1,다사44502175,2,17,19,1,3,1150,1616,0,0,0,0,0,0,0,4.33,0,0,0,0,0,0,0,0,0,0,0,0,0,0,0,0,0,0,0,0,0,0,0,0,126.8298625,37.32096923,126.8752298,37.29417602
20240329,다사49004700,1,다사50754900,0,16,17,1,7,1145,582,0,0,0,2.38,0,0,0,0,0,0,0,0,0,0,0,0,0,0,0,2.2,0,0,0,0,0,0,0,0,0,0,0,0,126.9242597,37.52202027,126.9439294,37.54014154
20240315,다사62004400,0,다사62754800,2,10,11,1,3,1144,947,0,0,0,0,0,0,0,0,0,0,0,0,0,0,0,0,0,0,0,0,0,0,0,3.58,0,0,0,0,0,0,0,0,127.0715278,37.4956056,127.0798101,37.53168968
20240314,다사40755825,2,다사44755550,1,6,7,1,1,1139,210,0,0,0,0,0,0,0,0,0,0,0,0,0,0,0,0,0,0,0,0,0,0,0,0,0,4.26,0,0,0,0,0,0,126.8299941,37.62292383,126.8755269,37.59838686
20240312,다사49254700,1,다사45254875,2,18,19,1,3,1138,641,0,0,0,0,0,0,3.86,0,0,0,0,0,0,0,0,0,0,0,0,0,0,0,0,0,0,0,0,0,0,0,0,0,126.9270888,37.52203403,126.8816939,37.5375787
20240318,다사95751575,2,다사95251950,0,13,13,2,7,1111,9,0,0,0,0,0,0,0,0,0,0,0,0,0,0,0,0,0,0,0,0,3.5,0,0,0,0,0,0,0,0,0,0,0,127.4534916,37.24173175,127.4478309,37.27553202
20240319,다사49505700,0,다사48255375,2,12,12,1,3,1092,455,0,0,3.05,0,0,0,0,0,0,0,0,0,0,0,0,0,0,0,0,0,0,0,0,0,0,0,0,0,0,0,0,0,126.9292305,37.61217888,126.9152975,37.58281713
20240312,다사66256800,2,다사64757150,0,11,11,1,7,1091,248,0,0,0,0,0,0,0,0,3.38,0,0,0,0,0,0,0,0,0,0,0,0,0,0,0,0,0,0,0,0,0,0,0,127.1185031,37.71208958,127.1013159,37.74357913
20240327,다사58754900,0,다사55005200,0,13,15,1,7,1080,1133,0,0,0,0,0,0,0,0,0,0,0,0,0,0,0,0,0,0,0,0,0,0,0,0,0,0,0,4.37,0,0,0,0,127.0344824,37.54053323,126.9918519,37.56739796
20240302,다사66252800,2,다사64252475,0,19,19,1,7,1078,107,0,0,0,0,0,0,0,0,0,0,0,0,0,0,0,0,0,0,0,0,0,0,0,0,0,0,0,0,0,0,0,0,127.1203351,37.35155284,127.0979094,37.3221837
20240326,다사62008150,2,다사59258400,1,10,10,1,1,1074,294,0,0,0,0,0,0,0,0,0,0,0,0,0,0,0,0,0,0,0,0,0,0,0,0,0,0,3.52,0,0,0,0,0,127.0695805,37.83359913,127.0381893,37.85601289
20240309,다사63007025,2,다사66007325,0,17,17,1,7,1072,158,0,0,0,0,0,0,0,0,0,0,3.83,0,0,0,0,0,0,0,0,0,0,0,0,0,0,0,0,0,0,0,0,0,127.0815165,37.73224395,127.115422,37.75939916
20240309,다사63505750,2,다사62256125,1,10,11,1,2,1064,466,0,0,0,0,0,0,0,0,0,0,0,0,0,0,0,3.5,0,0,0,0,0,0,0,0,0,0,0,0,0,0,0,0,127.0878269,37.6173461,127.0734701,37.65109532
20240321,다사57505225,2,다사53755250,1,6,7,2,1,1044,809,0,0,0,0,3.5,0,0,0,0,0,0,0,0,0,0,0,0,0,0,0,0,0,0,0,0,0,0,0,0,0,0,0,127.0201456,37.56976972,126.9776664,37.57184278
20240304,다사30503700,0,다사32004050,2,19,20,1,3,1036,1194,0,0,0,0,0,0,3.5,0,0,0,0,0,0,0,0,0,0,0,0,0,0,0,0,0,0,0,0,0,0,0,0,0,126.7158575,37.43068564,126.7324883,37.46234218
20240326,다사60755300,0,다사60754900,0,11,12,1,7,1032,669,0,0,0,0,0,3.93,0,0,0,0,0,0,0,0,0,0,0,0,0,0,0,0,0,0,0,0,0,0,0,0,0,0,127.0569075,37.57667354,127.0571209,37.54062031
20240329,다사53505275,1,다사50755025,6,17,18,1,7,1009,508,0,0,0,0,0,0,0,0,0,0,0,0,0,0,0,0,0,0,0,0,0,0,0,0,3.62,0,0,0,0,0,0,0,126.9748196,37.57408351,126.9438457,37.551408
20240304,다사52005125,2,다사55755375,0,9,10,1,7,999,691,0,0,0,0,0,0,0,0,0,0,0,0,0,0,0,0,0,0,0,0,0,0,0,0,4.36,0,0,0,0,0,0,0,126.9579313,37.56048698,127.0002389,37.58320732
20240327,다사60004575,1,다사62004300,2,18,18,1,3,990,489,0,0,0,0,0,0,0,0,0,0,0,0,0,0,0,0,0,0,0,0,0,0,0,3.6,0,0,0,0,0,0,0,0,127.0488079,37.51129479,127.0715793,37.48659217
20240305,다아80000975,2,다아77751175,1,8,8,1,1,978,428,0,0,0,0,0,0,0,0,3.3,0,0,0,0,0,0,0,0,0,0,0,0,0,0,0,0,0,0,0,0,0,0,0,127.273353,38.08878316,127.2476331,38.1067562
20240316,다사65252525,2,다사63752700,0,11,11,1,7,976,383,0,0,0,0,0,0,0,0,0,0,0,0,0,0,0,0,0,0,0,2.61,0,0,0,0,0,2.4,0,0,0,0,0,0,127.1091726,37.32672838,127.0921566,37.3424452
20240307,다사52502425,2,다사55002175,1,7,7,1,1,963,231,0,0,0,0,0,0,0,0,0,0,3.74,0,0,0,0,0,0,0,0,0,0,0,0,0,0,0,0,0,0,0,0,0,126.9653266,37.31715197,126.9936917,37.29474207
20240319,다사54753350,1,다사50753325,2,17,17,1,3,954,250,0,0,0,0,0,0,0,0,0,0,0,0,0,0,0,0,0,0,0,0,0,0,0,4.36,0,0,0,0,0,0,0,0,126.9901555,37.40063909,126.94498,37.39818223
20240320,다사48004225,2,다사51504225,1,11,11,1,1,951,23,0,0,0,0,0,0,0,0,0,0,0,0,0,0,0,0,0,0,0,0,0,0,3.52,0,0,0,0,0,0,0,0,0,126.9132786,37.4791519,126.9528629,37.47934184
20240311,다사40502450,2,다사38002800,0,5,5,1,7,950,262,0,0,0,0,0,0,0,0,4.48,0,0,0,0,0,0,0,0,0,0,0,0,0,0,0,0,0,0,0,0,0,0,0,126.8298825,37.3187159,126.8013768,37.35009913
20240311,다사55004700,2,다사52504950,0,9,11,1,7,930,1857,0,0,0,0,0,0,3.73,0,0,0,0,0,0,0,0,0,0,0,0,0,0,0,0,0,0,0,0,0,0,0,0,0,126.9921577,37.52233174,126.9637054,37.54473976
20240319,다사59755700,2,다사56755575,1,8,8,1,1,917,683,0,0,0,0,0,0,0,0,0,0,0,0,0,0,0,0,0,0,0,0,0,0,0,3.37,0,0,0,0,0,0,0,0,127.0453635,37.61268344,127.0114467,37.60128112
20240330,다사37256175,0,다사34756350,2,12,13,1,3,907,220,0,0,0,0,0,0,0,0,0,0,0,0,0,0,0,0,0,0,0,0,0,0,0,0,0,0,0,0,0,0,0,0,126.7900346,37.65423663,126.7615386,37.66983483
20240323,다사63505250,2,다사63755525,0,11,11,1,7,906,543,0,0,0,0,0,0,0,0,3.16,0,0,0,0,0,0,0,0,0,0,0,0,0,0,0,0,0,0,0,0,0,0,0,127.0880754,37.57227967,127.0907708,37.5970761
20240323,다사58004975,0,다사59504750,0,17,18,1,7,904,272,0,0,0,0,0,0,0,0,0,0,0,0,0,0,0,0,0,0,0,0,0,3.1,0,0,0,0,0,0,0,0,0,0,127.0259502,37.54725943,127.0430543,37.5270464
20240308,다사30004225,0,다사29753950,1,13,13,1,7,898,208,0,0,0,0,0,0,0,0,0,0,0,0,0,0,0,0,0,0,0,0,0,0,0,0,3.13,0,0,0,0,0,0,0,126.7097088,37.47796563,126.7071433,37.45316133
20240306,다바66008775,2,다바63258850,1,7,7,1,1,882,219,0,0,0,0,0,0,0,0,3.36,0,0,0,0,0,0,0,0,0,0,0,0,0,0,0,0,0,0,0,0,0,0,0,127.1193366,36.98873145,127.0883983,36.99538899
20240322,다사49255700,2,다사48505950,1,15,16,1,1,872,788,0,0,0,0,0,0,0,0,0,0,3.21,0,0,0,0,0,0,0,0,0,0,0,0,0,0,0,0,0,0,0,0,0,126.9263981,37.61216514,126.9177249,37.63465606
20240322,다사32252850,0,다사28752725,2,6,7,1,3,868,791,0,0,0,0,0,0,0,0,0,0,0,0,0,0,0,0,0,0,0,0,0,0,4.1,0,0,0,0,0,0,0,0,0,126.7364136,37.35420446,126.6970169,37.3426765
20240325,다사30252525,1,다사28002775,2,17,17,1,3,866,151,0,0,0,0,0,0,0,0,3.97,0,0,0,0,0,0,0,0,0,0,0,0,0,0,0,0,0,0,0,0,0,0,0,126.7141378,37.32476409,126.6885018,37.34712523
20240310,다사43754900,0,다사43004600,2,18,18,1,3,850,855,0,0,0,0,0,0,0,0,0,0,0,0,0,0,0,0,0,0,0,0,0,0,3.5,0,0,0,0,0,0,0,0,0,126.864697,37.53974184,126.8564403,37.5126567
20240306,다사23253150,1,다사25753250,0,17,17,1,7,833,115,0,0,0,0,0,0,3.12,0,0,0,0,0,0,0,0,0,0,0,0,0,0,0,0,0,0,0,0,0,0,0,0,0,126.6344897,37.38054338,126.6626252,37.38975954
20240324,다사47505400,2,다사46255125,0,20,20,1,7,831,431,0,0,0,0,0,0,0,0,0,0,3.5,0,0,0,0,0,0,0,0,0,0,0,0,0,0,0,0,0,0,0,0,0,126.9067855,37.58502801,126.8928296,37.56017013
20240322,다사61756225,1,다사61255975,2,20,21,1,3,821,886,0,0,0,0,0,0,0,0,0,0,0,0,0,0,0,0,0,0,0,0,0,0,0,0,3.24,0,0,0,0,0,0,0,127.0677498,37.66008787,127.0622134,37.63753402
20240314,다사36754400,2,다사40254325,6,8,8,1,7,808,530,0,0,0,0,0,0,0,0,0,0,0,0,0,0,0,0,0,4.36,0,0,0,0,0,0,0,0,0,0,0,0,0,0,126.7858959,37.4942243,126.825548,37.4876972
20240322,다사24503000,1,다사24503275,2,14,15,1,3,806,978,0,0,0,0,0,0,0,0,0,0,0,0,0,0,0,0,0,0,0,0,0,0,0,3.29,0,0,0,0,0,0,0,0,126.6487603,37.36712657,126.6484801,37.39191192
20240307,다사49754275,1,다사47254200,2,17,18,1,3,794,403,0,0,0,0,0,0,0,0,0,0,0,0,0,0,0,0,0,0,0,3.41,0,0,0,0,0,0,0,0,0,0,0,0,126.9330367,37.48375516,126.9048142,37.47685617
20240322,다사64252650,2,다사66502575,1,10,10,1,1,787,432,0,0,0,0,0,0,0,0,0,0,0,0,0,0,0,0,0,0,0,0,0,0,0,0,3.29,0,0,0,0,0,0,0,127.0978254,37.33795768,127.1232591,37.33128101
20240309,다사49254450,1,다사51004250,0,17,17,1,7,787,32,0,0,0,0,0,0,0,0,0,0,0,0,0,0,0,0,0,0,0,0,0,0,0,0,0,0,0,0,0,0,0,0,126.927261,37.49950103,126.9471914,37.48156884
20240312,다사78002850,1,다사76003100,2,18,18,1,3,780,75,0,0,0,0,0,0,4.33,0,0,0,0,0,0,0,0,0,0,0,0,0,0,0,0,0,0,0,0,0,0,0,0,0,127.2529899,37.35641114,127.2303257,37.37889625
20240319,다사60752000,2,다사58001950,0,10,11,1,7,774,485,0,0,0,0,0,0,0,0,0,0,0,0,0,0,0,0,0,0,0,0,0,0,3.62,0,0,0,0,0,0,0,0,0,127.0586571,37.27922778,127.0276653,37.27460122
20240330,다사48505725,0,다사48255425,0,18,18,1,7,758,265,0,0,0,0,0,0,4.09,0,0,0,0,0,0,0,0,0,0,0,0,0,0,0,0,0,0,0,0,0,0,0,0,0,126.9178831,37.61437679,126.9152622,37.58732366
20240302,다사38003350,0,다사36753125,2,17,17,1,3,735,60,0,0,0,0,0,0,0,0,0,0,0,0,0,0,0,0,0,0,0,0,0,0,0,0,0,0,0,0,0,0,0,0,126.8009168,37.39967165,126.786987,37.37930775
20240321,다사58255025,2,다사61254975,0,8,8,1,7,732,22,0,0,0,0,0,0,0,0,0,0,0,0,0,0,0,0,0,0,0,0,0,0,0,0,0,0,0,0,0,0,0,0,127.0287519,37.5517774,127.0627411,37.5474014
20240303,다사58002175,1,다사58751975,2,21,21,1,3,730,575,0,0,0,0,0,0,0,0,0,0,0,0,0,0,0,0,0,0,0,0,0,0,0,3.06,0,0,0,0,0,0,0,0,127.0275385,37.29488202,127.0361109,37.2768881
20240307,다사64755850,0,다사64255625,2,18,18,1,3,729,428,0,0,0,0,0,0,0,0,3.13,0,0,0,0,0,0,0,0,0,0,0,0,0,0,0,0,0,0,0,0,0,0,0,127.1019426,37.62640799,127.096386,37.60610889
20240306,다사34256625,2,다사34006400,1,8,8,1,1,713,482,0,0,0,0,0,3.11,0,0,0,0,0,0,0,0,0,0,0,0,0,0,0,0,0,0,0,0,0,0,0,0,0,0,126.7556218,37.69458392,126.7529897,37.6742876
20240303,다사41752475,0,다사40252675,2,14,15,1,3,706,45,0,0,0,0,0,0,0,0,0,0,0,0,0,0,0,0,0,0,0,0,0,0,0,0,0,3.5,0,0,0,0,0,0,126.8439698,37.32104829,126.8268802,37.33897983
20240324,다사58756100,1,다사57505900,2,14,14,1,3,706,313,0,0,0,0,0,0,0,0,0,0,0,0,0,0,0,0,0,0,0,0,0,0,0,0,0,3.34,0,0,0,0,0,0,127.0338081,37.64869191,127.0197547,37.6306088
20240308,다사26504450,0,다사27254675,2,20,21,1,3,701,1179,0,0,0,0,0,0,0,0,0,0,0,0,0,0,0,0,0,0,0,0,0,0,0,0,0,0,0,0,0,0,0,0,126.6699029,37.4979729,126.6781646,37.51831084
20240310,다사34756350,1,다사36256150,0,18,18,1,7,694,256,0,0,0,0,0,0,0,0,0,0,0,0,0,0,0,0,0,0,0,0,0,0,0,0,0,0,0,0,0,0,0,0,126.7615386,37.66983483,126.7787204,37.65191468
20240306,다사57252075,2,다사58002325,0,18,19,1,7,693,486,0,0,0,0,0,0,0,0,3.8,0,0,0,0,0,0,0,0,0,0,0,0,0,0,0,0,0,0,0,0,0,0,0,127.0191341,37.28583427,127.0274539,37.30840251
20240327,다사74504975,0,다사73254800,2,20,21,1,3,667,106,0,0,0,0,0,0,0,3,0,0,0,0,0,0,0,0,0,0,0,0,0,0,0,0,0,0,0,0,0,0,0,0,127.2127371,37.54786158,127.1986499,37.53205272
20240311,다사23004850,0,다사25004850,1,11,11,1,7,655,7,0,0,0,0,0,0,3.13,0,0,0,0,0,0,0,0,0,0,0,0,0,0,0,0,0,0,0,0,0,0,0,0,0,126.6298927,37.53373845,126.6525273,37.53390306
20240325,다사50755125,1,다사49005075,3,18,18,1,7,653,270,0,0,0,0,0,0,0,0,0,0,0,0,0,0,0,0,0,0,0,3.08,0,0,0,0,0,0,0,0,0,0,0,0,126.9437787,37.56042115,126.9239998,37.55581959
20240320,다사59505925,2,다사57256075,0,11,11,1,7,652,310,0,0,0,0,0,0,0,0,0,0,0,0,0,0,0,0,0,0,0,0,0,0,0,0,4.3,0,0,0,0,0,0,0,127.0424066,37.63295217,127.0168193,37.64637021
20240306,다사45004250,1,다사47504375,2,18,18,1,3,648,339,0,0,0,0,0,0,0,0,0,0,0,0,0,0,0,0,0,0,0,0,0,4.21,0,0,0,0,0,0,0,0,0,0,126.8793309,37.48123184,126.907517,37.49264349
20240307,다사37757000,0,다사37757250,2,15,15,1,3,648,94,0,0,0,0,0,0,0,0,0,3.55,0,0,0,0,0,0,0,0,0,0,0,0,0,0,0,0,0,0,0,0,0,0,126.794999,37.72862531,126.7947853,37.75115684
20240304,다사63507900,2,다사63257700,0,3,3,1,7,646,562,0,0,0,0,0,0,0,0,2.74,0,0,0,0,0,0,0,0,0,3.5,0,0,0,0,0,0,0,0,0,0,0,0,0,127.0867521,37.81112785,127.084013,37.79309192
20240325,다사71506850,2,다사72757025,0,17,17,1,7,626,89,0,0,0,0,0,0,0,0,0,0,0,0,0,0,0,0,3.5,0,0,0,0,0,0,0,0,0,0,0,0,0,0,0,127.1780472,37.71677386,127.1921647,37.73258482
20240328,다사39501300,1,다사39751125,2,19,19,1,3,613,355,0,0,0,0,0,0,3.11,0,0,0,0,0,0,0,0,0,0,0,0,0,0,0,0,0,0,0,0,0,0,0,0,0,126.8195304,37.21499753,126.8224889,37.19924009
20240309,다사27503950,2,다사25753800,0,8,8,1,7,609,319,0,0,0,0,0,0,0,0,0,0,0,0,0,0,0,0,0,0,0,0,0,0,0,0,3.5,0,0,0,0,0,0,0,126.6817064,37.45298794,126.6620731,37.43933011
20240309,다사41502175,2,다사40502350,0,9,9,1,7,605,106,0,0,0,0,0,0,0,0,0,0,0,0,0,0,0,0,0,0,0,0,0,3.26,0,0,0,0,0,0,0,0,0,0,126.8413842,37.29399252,126.8299625,37.30970257
20240328,다사46504750,1,다사48504625,0,16,16,1,7,605,298,0,0,0,0,0,0,0,0,0,0,0,0,0,0,0,0,0,0,0,0,0,0,0,0,0,0,0,0,4.24,0,0,0,126.8959329,37.52638553,126.9186541,37.51523267
20240321,다사62002425,0,다사63752550,0,11,12,1,7,590,941,0,0,0,0,0,0,0,0,0,0,0,0,0,0,0,0,0,0,0,0,0,0,3.63,0,0,0,0,0,0,0,0,0,127.0725404,37.31758784,127.0922297,37.32892467
20240301,다사35504000,0,다사35754200,2,12,13,1,3,590,738,0,0,0,0,0,0,0,0,0,0,0,0,0,0,0,0,0,0,0,0,0,0,0,0,0,3.5,0,0,0,0,0,0,126.7721061,37.45808609,126.7747585,37.47612945
20240317,다바63008800,1,다바65508875,2,18,18,1,3,587,310,0,0,0,0,0,0,0,0,0,0,0,0,0,0,0,0,0,0,4.23,0,0,0,0,0,0,0,0,0,0,0,0,0,127.0856132,36.99087212,127.1136725,36.99772754
20240315,다사49003350,2,다사49753550,0,14,16,1,7,565,1757,0,0,0,0,0,0,0,0,0,0,0,0,0,0,0,0,0,0,3.5,0,0,0,0,0,0,0,0,0,0,0,0,0,126.9251919,37.40034112,126.9335297,37.41840873
20240331,다사55252350,0,다사54502200,1,12,12,1,1,563,363,0,0,0,0,0,0,0,0,0,0,0,0,0,0,0,0,0,0,0,0,0,0,0,0,0,0,0,0,3.14,0,0,0,126.9964071,37.31052793,126.9880353,37.2969712
20240310,다사47254800,0,다사45254925,2,10,10,1,3,560,204,0,0,0,0,0,0,0,0,0,0,0,0,0,0,0,0,0,0,0,0,0,0,0,4.46,0,0,0,0,0,0,0,0,126.9043847,37.53093521,126.8816567,37.54208524
20240307,다사30504500,0,다사30004700,2,22,23,1,3,559,538,0,0,0,0,0,0,0,0,0,0,0,0,0,0,0,0,3.6,0,0,0,0,0,0,0,0,0,0,0,0,0,0,0,126.715104,37.50278861,126.7092575,37.52077646
20240324,다사45504725,0,다사46504525,2,18,18,1,3,558,729,0,0,0,0,0,0,0,3.77,0,0,0,0,0,0,0,0,0,0,0,0,0,0,0,3.37,0,0,0,0,0,0,0,0,126.8846346,37.52407383,126.8960963,37.50610597
20240301,다사61001400,0,다사62501325,0,14,14,1,7,557,4,0,0,0,0,0,0,0,0,0,0,0,0,0,0,0,0,0,0,0,0,0,3.02,0,0,0,0,0,0,0,0,0,0,127.0617904,37.22515558,127.078736,37.21845655
20240322,다사30254025,2,다사32003925,0,20,21,1,7,553,255,0,0,0,0,0,0,0,0,0,0,0,0,0,0,0,0,0,0,0,0,0,0,0,0,0,3.37,0,0,0,0,0,0,126.7127251,37.45995878,126.7326035,37.45107602
20240330,다사25003100,0,다사23253150,0,12,12,1,7,545,248,0,0,0,3.21,0,0,0,0,0,0,0,0,0,0,0,0,0,0,0,0,2.85,0,0,0,0,0,0,0,0,0,0,0,126.6543053,37.37617995,126.6344897,37.38054338
20240306,다사09507375,2,다사10507225,0,8,8,1,7,545,440,0,0,0,0,0,0,0,0,0,0,0,0,0,0,0,0,0,0,0,0,0,0,0,0,0,0,0,3.14,3.63,0,0,0,126.4739884,37.76006683,126.4855241,37.74664732
20240307,다사47504100,0,다사46754250,0,19,20,1,7,543,545,0,0,0,0,0,0,0,0,0,0,0,0,0,0,0,0,0,0,0,0,3.35,0,0,0,0,0,0,0,0,0,0,0,126.9077127,37.46785716,126.8991234,37.48133415
20240323,다사31753050,0,다사30252950,2,14,14,1,3,537,88,0,0,0,0,0,0,0,0,0,0,0,0,0,0,0,3.5,0,0,0,0,0,0,0,0,0,0,0,0,0,0,0,0,126.7305843,37.37219401,126.7137385,37.36306957
20240314,다사63506050,2,다사61756100,0,9,9,1,7,536,120,0,0,0,0,0,0,0,0,0,0,0,0,0,0,0,0,0,0,0,0,0,0,0,0,3.19,0,0,0,0,0,0,0,127.0876776,37.6443858,127.0678151,37.6488214
20240318,다사56001150,2,다사58001050,1,8,8,1,1,533,104,0,0,0,0,0,0,4.09,0,0,0,0,0,0,0,0,0,0,0,0,0,0,0,0,0,0,0,0,0,0,0,0,0,127.0055779,37.20239922,127.0281711,37.19347732
20240304,다사63507950,2,다사63508125,1,8,8,1,2,532,6,0,0,0,0,0,0,0,0,0,0,0,0,0,0,0,0,0,0,0,0,0,0,0,0,0,0,0,0,0,0,0,0,127.0867269,37.81563432,127.086639,37.83140696
20240319,다사61006000,2,다사61006175,1,8,8,1,1,525,116,0,0,0,0,0,0,0,0,0,0,0,0,0,0,0,0,0,0,0,0,0,0,0,0,3.24,0,0,0,0,0,0,0,127.0593666,37.63977677,127.0592734,37.65554982
20240320,다사47504050,2,다사46254125,1,7,8,1,1,522,674,0,0,0,0,0,3,0,0,0,0,0,0,0,0,0,0,0,0,0,0,0,0,0,0,0,0,0,0,0,0,0,0,126.9077482,37.46335054,126.8935594,37.47003876
20240330,다사33754550,2,다사35504475,0,18,18,1,7,515,201,0,0,0,0,0,0,0,0,0,0,0,0,0,0,0,0,0,0,3.5,0,0,0,0,0,0,0,0,0,0,0,0,0,126.751826,37.50753364,126.7716906,37.50089769
20240311,다사38253700,1,다사37253850,2,23,23,1,3,505,21,0,0,0,0,0,0,0,0,0,0,0,0,0,0,0,0,0,0,0,0,0,0,0,0,0,0,0,0,0,0,0,0,126.8034491,37.43123426,126.7920195,37.44468673
20240320,다사47004250,2,다사47004425,0,4,4,2,7,502,41,0,0,0,0,0,0,0,0,0,0,3.5,0,0,0,0,0,0,0,0,0,0,0,0,0,0,0,0,0,0,0,0,0,126.9019509,37.4813485,126.9018251,37.49712158
20240318,다사31004675,2,다사31004500,0,20,20,1,7,501,53,0,0,0,0,0,0,0,0,3.6,0,0,0,0,0,0,0,0,0,0,0,0,0,0,0,0,0,0,0,0,0,0,0,126.7205965,37.51859848,126.7207605,37.50282606
20240324,다사55505200,0,다사55005300,0,17,17,1,7,480,84,0,0,0,0,0,0,0,0,0,0,0,0,0,0,0,0,0,0,0,0,3.07,2.08,0,0,0,0,0,0,0,0,0,0,126.9975135,37.56742219,126.9917906,37.57641116
20240307,다사56001950,0,다사54502025,2,17,18,2,3,472,121,0,0,0,0,0,0,0,0,0,0,0,0,0,0,0,0,0,0,0,3.5,0,0,0,0,0,0,0,0,0,0,0,0,127.0051067,37.27450906,126.9881421,37.28119735
20240316,다사30755775,0,다사32005675,1,21,21,1,7,452,106,0,0,0,0,0,0,0,0,0,0,0,0,0,0,0,0,0,3.5,0,0,0,0,0,0,0,0,0,0,0,0,0,0,126.7167301,37.61771969,126.7309858,37.60880017
20240308,다사52253250,0,다사52003425,0,14,14,1,7,439,44,0,0,0,0,0,0,0,0,0,0,0,0,0,0,0,0,0,0,0,0,0,0,0,3.56,0,0,0,0,0,0,0,0,126.9619748,37.39150049,126.9590372,37.40726109
20240319,다사49505900,2,다사48755800,0,14,14,1,7,437,302,0,0,0,0,0,0,0,0,0,0,0,0,0,0,0,0,0,0,0,0,0,0,0,0,0,0,0,0,3.09,0,0,0,126.9290927,37.63020494,126.9206632,37.6211505
20240319,다사53002925,2,다사53502800,1,7,8,1,2,436,430,0,0,0,0,0,0,0,0,0,0,0,0,0,0,0,0,0,7,0,0,0,0,0,0,0,0,0,0,0,0,0,0,126.9706532,37.36224496,126.9763776,37.35100321
20240324,다사46753650,0,다사48253550,0,11,12,1,7,434,196,0,0,0,0,0,0,0,0,4.45,0,0,0,0,0,0,0,0,0,0,0,0,0,0,0,0,0,0,0,0,0,0,0,126.8995559,37.42725471,126.9165787,37.4183263
20240307,다사74255025,0,다사73754875,0,11,11,1,7,424,221,0,0,0,0,0,0,0,0,0,0,0,0,0,0,0,0,0,0,0,0,0,0,0,0,0,0,0,3.69,0,0,0,0,127.2098895,37.5523614,127.2042823,37.53882714
20240305,다사23756000,0,다사23506150,1,8,8,1,2,423,40,0,0,0,0,0,0,0,0,0,0,0,0,0,0,0,0,3.5,0,0,0,0,0,0,0,0,0,0,0,0,0,0,0,126.6371851,37.63744458,126.634195,37.65094244
20240306,다사68501975,2,다사70002025,0,8,9,1,7,419,557,0,0,0,0,0,0,0,0,0,0,0,0,0,0,0,0,0,0,0,0,0,3.45,0,0,0,0,0,0,0,0,0,0,127.1460885,37.27726798,127.1629882,37.28182428
20240320,다사60502100,1,다사61752025,0,12,12,1,7,417,231,0,0,0,0,0,0,0,0,0,0,0,0,3.43,0,0,0,0,0,0,0,0,0,0,0,0,0,0,0,0,0,0,0,127.0557841,37.28823096,127.0699243,37.28152274
20240306,다사25755750,0,다사25505600,2,20,20,2,3,416,198,0,0,0,0,0,0,0,0,0,0,0,0,0,0,0,0,0,0,0,0,0,0,0,0,3.5,0,0,0,0,0,0,0,126.6601048,37.61507691,126.6574249,37.60153793
20240320,다사49753025,2,다사49502900,0,8,9,1,7,413,825,0,0,0,0,0,0,0,0,0,0,0,0,0,0,0,0,0,0,0,0,0,0,0,0,0,0,0,3.03,0,0,0,0,126.9338857,37.37108846,126.9311474,37.35980813
20240314,다사67755475,2,다사67255350,0,8,8,1,7,409,5,0,0,0,0,0,0,0,0,0,0,0,0,0,0,0,0,3.5,0,0,0,0,0,0,0,0,0,0,0,0,0,0,0,127.1361044,37.59271784,127.1304965,37.58143357
20240319,다사51505075,2,다사52505175,1,8,9,1,1,406,800,0,0,0,0,0,0,0,0,0,0,0,0,0,0,0,0,0,0,0,0,0,0,3.66,0,0,0,0,0,0,0,0,0,126.9523033,37.55595427,126.9635601,37.56501943
20240304,다사43256750,0,다사42256650,2,23,23,1,3,404,31,0,0,0,0,0,0,0,0,0,0,0,3.68,0,0,0,0,0,0,0,0,0,0,0,0,0,0,0,0,0,0,0,0,126.8576044,37.70645012,126.8463395,37.697375
20240306,다사42002275,0,다사43502175,1,12,14,1,1,402,1103,0,0,0,0,0,0,0,0,0,0,0,0,0,0,0,0,0,0,0,0,0,0,4.46,0,0,0,0,0,0,0,0,0,126.8469472,37.30303717,126.8639479,37.29411593
20240302,다사62001700,0,다사60751650,0,18,18,1,7,400,55,0,0,0,0,0,0,0,3.53,0,0,0,0,0,0,0,0,0,0,0,0,0,0,0,0,0,0,0,0,0,0,0,0,127.0729099,37.25223819,127.0588411,37.24767962
20240327,다사65252875,0,다사66252975,1,12,12,1,7,390,238,0,0,0,0,0,0,0,0,0,0,0,0,0,0,0,0,0,0,0,0,0,0,0,0,0,0,0,0,3.91,0,0,0,127.1090091,37.35827632,127.1202556,37.36732678
20240302,다사35504475,0,다사34504500,0,18,19,1,7,390,532,0,0,0,2.57,2.77,0,0,2.49,0,0,0,0,0,0,0,0,0,3.5,0,0,1.19,0,0,0,0,0,0,0,0,0,0,0,126.7716906,37.50089769,126.7603557,37.50308062
20240303,다사26504350,0,다사25504225,0,14,15,1,7,384,163,0,0,0,0,0,4.06,0,0,0,0,0,0,0,0,0,0,0,0,0,0,0,0,0,0,0,0,0,0,0,0,0,0,126.6700026,37.48896017,126.6588183,37.47761426
20240331,다사27003525,0,다사25753475,2,2,2,1,3,380,56,0,0,7,0,0,0,0,0,0,3.29,0,0,0,0,0,0,0,0,0,0,0,0,0,0,0,3.6,0,0,0,0,0,0,126.6764736,37.41464412,126.6623995,37.41003846
20240318,다사60007975,1,다사60508075,2,15,16,1,3,378,323,0,0,0,0,0,0,0,0,0,0,0,0,0,0,0,0,0,0,0,0,0,0,0,0,0,3.2,0,0,0,0,0,0,127.0469492,37.81774132,127.0525755,37.82677593
20240304,다사48755675,2,다사48755800,1,7,8,1,1,373,295,0,0,0,0,0,0,0,0,0,0,0,0,0,0,0,0,0,0,0,0,0,0,0,0,3.22,0,0,0,0,0,0,0,126.9207506,37.60988421,126.9206632,37.6211505
20240315,다사52507725,0,다사53257825,2,17,19,1,3,373,1351,0,0,0,0,0,0,0,0,0,0,0,0,0,0,0,0,0,0,0,0,0,0,0,0,0,0,0,3.43,0,0,0,0,126.9619025,37.79485077,126.9703565,37.80390219
20240317,다사28254175,0,다사30004200,2,12,12,1,3,362,142,0,0,0,0,0,0,0,0,0,0,0,0,0,0,0,0,0,0,0,0,0,0,0,0,0,4.42,0,0,0,0,0,0,126.6899666,37.47332519,126.7097325,37.47571242
20240309,다사29504275,2,다사30754300,0,10,11,1,7,361,741,0,0,0,0,0,0,0,0,0,0,0,0,0,0,0,0,0,0,0,0,0,0,0,0,0,0,3.42,0,0,0,0,0,126.7040065,37.48243408,126.7181202,37.4847817
20240302,다사50254500,0,다사49754400,2,6,7,1,3,358,353,0,0,0,0,0,0,0,0,0,0,0,0,0,0,0,0,0,0,0,0,0,0,0,0,0,0,0,0,0,3.5,0,0,126.9385401,37.50406195,126.9329515,37.49502171
20240327,다사34504425,2,다사35754475,0,10,11,1,7,356,877,0,0,0,0,0,0,0,0,0,0,0,0,0,0,0,0,0,0,0,0,0,0,0,3.55,0,0,0,0,0,0,0,0,126.7604224,37.49632094,126.7745188,37.50091509
20240321,다사27504725,2,다사26254775,1,11,11,1,1,354,145,0,0,4.25,0,0,0,0,0,0,0,0,0,0,0,0,0,0,0,0,0,0,0,0,0,0,0,0,0,0,0,0,0,126.6809441,37.52283685,126.6667493,37.52724424
20240306,다사65501175,0,다사65751050,2,20,21,1,3,353,45,0,0,3.5,0,0,0,0,0,0,0,0,0,0,0,0,0,0,0,0,0,0,0,0,0,0,0,0,0,0,0,0,0,127.1126182,37.20505113,127.1154927,37.19379291
20240326,다사50752750,1,다사49752650,2,15,15,1,3,348,64,0,0,0,0,0,0,0,0,0,0,0,0,0,0,0,0,0,0,0,0,0,0,0,0,0,0,3.76,0,0,0,0,0,126.9453617,37.34635496,126.9341395,37.33728802
20240314,다사48754775,2,다사50004725,1,8,8,1,2,348,342,0,0,0,0,0,0,0,0,0,0,0,0,0,0,0,0,3.5,0,0,0,0,0,0,0,0,0,0,0,0,0,0,0,126.9213785,37.52876632,126.935559,37.52432819
20240327,다사67508300,1,다사68508375,0,14,14,1,7,344,9,0,0,3.5,0,0,0,0,0,0,0,0,0,0,0,0,0,0,7.97,3.44,0,0,0,0,0,0,0,0,0,0,0,0,0,127.1320152,37.8473304,127.1433488,37.85412508
20240311,다사53004275,2,다사54004350,1,7,7,1,2,340,301,0,0,0,0,0,0,0,0,0,0,0,0,0,0,0,0,0,0,0,0,0,0,0,0,0,0,0,0,0,0,0,0,126.9697959,37.48392584,126.9810597,37.49073604
20240329,다사59502025,1,다사59251925,2,12,12,2,3,331,81,0,0,0,0,0,0,0,0,0,0,0,0,0,0,0,0,0,3.5,3.5,0,0,0,0,0,0,0,0,0,0,0,0,0,127.0445435,37.2814278,127.041778,37.2724032
20240307,다사49752475,2,다사50252550,0,7,7,1,7,331,556,0,0,0,0,0,0,0,0,0,0,0,0,0,0,0,0,0,0,3.03,0,0,0,0,0,0,0,0,0,0,0,0,0,126.9342578,37.32151442,126.9398506,37.3283014
20240305,다사31004175,0,다사30004200,0,17,17,1,7,319,5,0,0,0,0,0,0,0,0,0,0,0,0,0,0,0,0,0,0,0,0,0,0,0,0,0,3.5,0,0,0,0,0,0,126.7210647,37.4735343,126.7097325,37.47571242
20240324,다사61005775,0,다사61005900,0,10,11,1,7,319,524,0,3.5,0,0,0,0,0,0,0,0,0,0,0,0,0,0,0,0,0,0,0,0,0,0,0,0,0,0,0,0,0,0,127.0594863,37.61949707,127.0594198,37.63076358
20240331,다사39754100,0,다사38754150,2,14,14,1,3,318,72,0,0,0,0,0,0,0,0,0,3.19,0,0,0,0,0,0,0,0,0,0,0,0,0,0,0,0,0,0,0,0,0,0,126.8200764,37.46738539,126.8087271,37.47182631
20240303,다사60006425,0,다사60006300,0,11,11,1,7,317,47,0,0,0,0,0,0,0,0,0,0,0,0,0,0,0,0,0,0,4.1,0,0,0,0,0,0,0,0,0,0,0,0,0,127.0478,37.67803975,127.0478684,37.66677334
20240301,다사57505800,2,다사57255700,0,9,9,1,7,313,59,0,0,0,0,0,0,0,0,0,0,0,0,0,0,0,3.5,0,0,0,0,0,0,0,0,0,0,0,0,0,0,0,0,127.0198127,37.62159564,127.0170381,37.61257091
20240306,다사46250000,2,다바47009925,0,8,8,1,7,312,156,0,0,0,2.62,0,0,0,0,0,0,0,0,0,0,0,3.5,0,0,0,0,0,0,0,0,0,3.07,0,0,0,0,0,0,126.8965357,37.09823219,126.9050282,37.09151449
20240307,다사36256450,2,다사35256450,0,17,17,1,7,312,103,0,3.5,0,0,0,0,0,0,0,0,0,0,0,0,0,0,0,0,0,0,0,0,0,0,0,0,0,0,0,0,0,0,126.7784587,37.67895277,126.7671191,37.67888285
20240308,다사41002450,0,다사41252350,2,17,18,1,3,311,1036,0,0,0,0,0,0,0,0,2.56,0,0,0,0,0,0,0,0,0,0,0,0,0,0,3.62,0,0,0,0,0,0,0,0,126.8355252,37.31874772,126.8384256,37.30975019
20240328,다사42254425,0,다사41504350,2,21,21,1,3,298,137,0,0,0,0,0,0,0,3.1,0,0,0,0,0,0,0,0,0,0,0,0,0,0,0,0,0,0,0,0,0,0,0,0,126.8480915,37.49683728,126.8396668,37.49003034
20240327,다사24754625,2,다사24254550,0,10,10,1,7,295,174,0,0,0,0,0,0,0,0,0,3.04,0,0,0,0,0,0,0,0,0,0,0,0,0,0,0,0,0,0,0,0,0,0,126.6499281,37.51360429,126.6443482,37.50680395
20240316,다사51505000,2,다사51004900,1,9,9,1,1,295,119,0,0,0,0,0,0,0,0,0,0,0,0,0,0,0,0,0,0,0,0,0,3.34,0,0,0,0,0,0,0,0,0,0,126.9523527,37.54919439,126.9467591,37.54015483
20240319,다사65502250,0,다사66252275,2,20,20,1,3,292,182,0,0,0,0,0,0,0,0,0,0,0,0,0,0,0,0,0,0,0,0,0,2.67,0,0,0,0,0,0,0,0,0,0,127.1121218,37.30194987,127.1205731,37.30423075
20240309,다사49504300,1,다사50504300,2,15,16,1,3,290,211,0,0,0,0,0,0,0,0,0,0,0,0,0,0,0,0,0,0,0,0,0,0,0,0,3.96,0,0,0,0,0,0,0,126.9301919,37.48599486,126.9415028,37.48604887
20240325,다사51751350,0,다사50751325,2,21,21,1,3,289,60,0,0,0,0,0,0,0,0,0,0,0,0,0,0,0,0,0,0,0,0,0,0,0,0,3.72,0,0,0,0,0,0,0,126.957558,37.22021707,126.9463035,37.21791149
20240325,다사36005675,0,다사35505600,0,15,16,1,7,287,968,0,0,0,0,0,0,0,0,0,0,0,0,0,0,0,0,0,0,0,0,0,0,0,0,0,0,0,0,3.35,0,0,0,126.7763018,37.60908678,126.7707033,37.60229233
20240313,다사62756125,1,다사62756225,2,22,23,1,3,287,104,0,0,0,0,0,0,0,0,0,0,0,0,0,0,0,0,0,3.5,0,0,0,0,0,0,0,0,0,0,0,0,0,0,127.0791381,37.65111568,127.0790873,37.66012887
20240310,다사43752175,2,다사43752275,0,13,13,1,7,286,172,0,0,0,0,3.14,0,0,0,0,0,0,0,0,0,0,0,0,0,0,0,0,0,0,0,0,0,0,0,0,0,0,0,126.8667684,37.29413106,126.8666928,37.30314448
20240323,다사69504300,0,다사69004400,2,11,12,1,3,285,31,0,0,0,0,0,0,0,0,0,0,0,0,0,0,0,0,0,0,0,3.76,0,0,0,0,0,0,0,0,0,0,0,0,127.1564135,37.48686934,127.1507159,37.49586627
20240318,다사26256125,0,다사27256125,2,11,12,1,3,283,1049,0,0,0,0,0,0,0,0,0,0,3.09,0,0,0,0,0,0,0,0,0,0,0,0,0,0,0,0,0,0,0,0,0,126.6653918,37.648914,126.6767266,37.64899365
20240318,다사55502275,0,다사54752325,2,17,17,1,3,282,23,0,0,0,0,0,0,0,0,0,0,0,0,0,0,0,0,0,0,0,0,0,0,0,0,0,0,0,3.5,0,0,0,0,126.999273,37.30377969,126.99078,37.30825039
20240326,다사46254325,1,다사46004425,0,17,17,1,7,281,39,0,3.5,0,0,0,0,0,0,0,0,0,0,0,0,0,0,0,0,0,0,0,0,0,0,0,0,0,0,0,0,0,0,126.8934137,37.48806515,126.8905127,37.49706376
20240313,다사37253825,0,다사38253875,0,22,22,1,7,280,62,0,0,0,0,0,0,0,3.92,0,0,0,0,0,0,0,0,0,0,0,0,0,0,0,0,0,0,0,0,0,0,0,0,126.7920407,37.44243346,126.8033029,37.44700718
20240304,다사55755300,0,다사56255200,1,15,15,1,7,280,14,0,0,0,0,0,0,0,0,4,0,0,0,0,0,0,0,0,0,0,0,0,0,0,0,0,0,0,0,0,0,0,0,127.0002841,37.57644742,127.0060059,37.56745803
20240310,다사55254475,0,다사56254525,2,13,13,1,3,277,194,0,0,0,0,0,0,0,0,0,0,0,0,0,0,0,0,0,0,0,0,0,0,0,0,0,0,0,0,0,3.79,0,0,126.9951234,37.50206396,127.0064071,37.50661843
20240327,다사46004875,0,다사45504800,1,13,13,1,7,277,199,0,0,0,0,0,0,0,0,0,0,0,0,0,0,0,0,0,0,0,0,0,0,0,0,0,0,0,0,0,0,0,0,126.8901828,37.53762284,126.8845791,37.53083366
20240321,다바48508650,0,다바48008725,2,10,10,1,3,274,90,0,0,0,0,0,0,0,0,0,0,0,0,0,0,0,0,0,0,0,0,0,0,0,0,3.5,0,0,0,0,0,0,0,126.9227766,36.97667051,126.9171075,36.98340356
20240320,다사47005275,2,다사46005275,0,13,15,1,7,273,2074,0,0,0,0,0,0,0,0,0,0,0,0,0,0,0,0,0,0,0,0,0,0,0,0,0,0,0,0,0,3.5,0,0,126.9012129,37.5737331,126.8898889,37.57367512
20240323,다사67504825,2,다사67504750,1,11,11,1,1,272,132,0,0,0,0,0,0,0,0,0,3.04,0,0,0,0,0,0,0,0,0,0,0,0,0,0,0,0,0,0,0,0,0,0,127.1335597,37.53412208,127.1335927,37.527362
20240329,다사48504125,2,다사48254225,1,12,12,1,7,262,72,0,0,0,0,0,0,0,0,0,0,0,3.5,0,0,0,0,0,0,0,0,0,0,0,0,0,0,0,0,0,0,0,0,126.9190033,37.47016661,126.916106,37.47916591
20240326,다사26254700,2,다사25754775,1,7,8,1,1,261,28,0,0,0,0,0,0,0,0,0,0,3.78,0,0,0,0,0,0,0,0,0,0,0,0,0,0,0,0,0,0,0,0,0,126.6668245,37.52048473,126.6610911,37.52720418
20240302,다사50255650,0,다사49755700,0,15,15,1,7,259,115,0,0,0,0,0,0,0,0,0,2.71,0,0,0,2.55,0,0,0,0,0,0,0,0,0,0,0,0,0,0,0,0,0,0,126.9377619,37.60771314,126.932063,37.61219254
20240328,다사51502750,1,다사51002825,0,19,19,1,7,256,66,0,0,0,0,0,0,0,0,0,0,0,0,0,0,0,0,0,0,0,0,0,0,0,0,0,0,0,0,0,0,0,0,126.9538291,37.34639436,126.9481347,37.35312827
20240330,다사31004425,0,다사30754350,2,7,8,1,3,256,277,0,0,0,0,0,0,0,0,3.47,0,0,0,0,0,0,0,0,0,0,0,0,0,0,0,0,0,0,0,0,0,0,0,126.7208307,37.49606643,126.7180732,37.48928812
20240306,다사26253675,0,다사26753600,2,17,17,1,3,254,6,0,0,0,0,0,0,0,0,0,0,0,0,0,0,0,0,0,0,0,0,0,0,0,0,0,3.71,0,0,0,0,0,0,126.6678494,37.42810403,126.6735745,37.42138404
20240315,다사51504400,0,다사52254375,0,11,11,1,7,254,106,0,0,0,0,0,0,0,0,0,0,0,0,3.7,0,0,0,0,0,0,0,0,0,0,0,0,0,0,0,0,0,0,0,126.9527479,37.49511507,126.9612482,37.49290075
20240323,다사65254300,0,다사64504350,2,15,16,1,3,248,276,0,0,0,0,0,0,0,0,0,0,0,0,0,0,0,0,0,0,0,0,0,0,0,0,0,0,0,0,3.56,0,0,0,127.1083406,37.48671975,127.0998332,37.49119806
20240326,다사40005850,2,다사41005850,0,1,1,1,7,247,209,0,0,0,0,0,0,0,0,0,0,0,0,0,0,0,0,0,0,0,0,0,0,0,0,0,3.65,0,0,0,0,0,0,126.8214751,37.62512848,126.8328068,37.6251931
20240317,다사43004375,0,다사43254450,0,12,12,1,7,243,22,0,0,0,0,0,0,0,0,0,0,0,0,0,0,0,0,0,0,0,0,0,0,0,0,0,0,0,3.32,0,0,0,0,126.8566143,37.49237724,126.8593845,37.49915244
20240313,다사50255100,0,다사50255050,1,12,13,2,2,243,230,0,0,3.5,0,0,0,0,0,0,0,0,0,0,0,0,0,0,0,0,0,0,0,0,0,0,0,0,0,0,0,0,0,126.9381346,37.55814106,126.9381684,37.55363449
20240309,다사37753700,0,다사37003775,0,10,10,1,7,236,3,0,0,0,0,0,0,0,0,0,3.91,0,0,0,0,0,0,0,0,0,0,0,0,0,0,0,0,0,0,0,0,0,0,126.797798,37.43120083,126.7892574,37.43790997
20240311,다사67003875,0,다사67253800,0,18,18,1,7,225,72,0,0,0,0,0,0,0,0,0,0,0,0,0,0,0,0,0,4.37,0,0,0,0,0,0,0,0,0,0,0,0,0,0,127.128325,37.44847623,127.1311846,37.44172491
20240302,다사59754975,0,다사59754925,0,14,15,1,7,219,807,0,0,0,2.74,0,0,0,0,0,0,0,0,0,0,0,0,0,0,0,0,0,0,3.22,0,0,0,0,0,0,0,0,0,127.0457606,37.5473373,127.045788,37.54283064
20240328,다사31005800,0,다사30255825,1,13,13,1,1,219,151,0,0,0,0,0,0,0,0,0,0,0,0,3.98,0,0,0,0,0,0,0,0,0,0,0,0,0,0,0,0,0,0,0,126.7195392,37.61999162,126.7110174,37.62218826
20240320,다사32753200,0,다사33503250,2,20,21,1,3,218,636,0,0,0,0,0,0,0,0,0,0,0,0,0,0,0,0,0,0,3.5,0,0,0,0,0,0,0,0,0,0,0,0,0,126.7417414,37.38578653,126.7501681,37.39034708
20240301,다사37003775,2,다사36253825,0,16,17,1,7,212,342,0,0,0,0,0,0,0,0,3.93,0,0,0,0,0,0,0,0,0,0,0,0,0,0,0,0,0,0,0,0,0,0,0,126.7892574,37.43790997,126.7807368,37.44236521
20240307,다바62508950,0,다바63009000,2,11,12,1,3,206,181,0,0,0,0,0,0,0,0,0,0,0,0,0,0,0,0,0,0,0,0,3.96,0,0,0,0,0,0,0,0,0,0,0,127.0799202,37.00437366,127.0855154,37.0089005
20240321,다바60259500,0,다바59759525,2,18,18,2,3,206,7,0,0,0,0,0,0,0,0,3.5,0,0,0,0,0,0,0,0,0,0,0,0,0,0,0,0,0,0,0,0,0,0,0,127.0543422,37.05385908,127.0487056,37.05609134
20240329,다사25254850,0,다사24754825,2,22,23,1,3,202,816,0,0,0,0,0,0,0,0,0,0,0,0,0,0,0,0,0,0,0,0,0,2.4,0,0,0,0,0,0,0,0,0,0,126.6553567,37.53392333,126.6497236,37.53162956
20240313,다사78253425,0,다사77753375,2,21,21,1,3,198,22,0,0,0,0,0,2.78,0,0,0,0,0,0,0,0,0,0,0,0,0,0,0,0,3.1,0,0,0,0,0,0,0,0,0,127.2556447,37.40824615,127.2500099,37.40372748
20240320,다사31755625,2,다사32005675,0,19,19,1,7,198,111,0,3.5,0,0,0,0,0,0,0,0,0,0,0,0,0,0,3.5,0,0,0,0,0,0,0,0,0,0,0,0,0,0,0,126.7282001,37.60427534,126.7309858,37.60880017
20240331,다사38254175,0,다사38754125,2,7,7,1,3,197,176,0,0,0,0,0,0,0,0,0,0,0,0,3.41,0,0,0,0,0,0,0,0,0,0,0,0,0,0,0,0,0,0,0,126.803052,37.47404635,126.8087479,37.46957304
20240329,다사48505125,1,다사48005175,0,20,20,1,7,195,97,0,0,0,0,0,0,0,0,0,0,0,0,0,0,0,0,0,0,0,0,0,0,0,3.7,0,0,0,0,0,0,0,0,126.9183041,37.56029839,126.9126077,37.56477691
20240314,다사62005500,2,다사61505525,0,18,18,1,7,195,5,0,0,0,0,0,0,0,0,0,0,0,0,0,0,0,0,0,0,0,0,0,0,0,0,3.1,0,0,0,0,0,0,0,127.07096,37.59475239,127.0652831,37.59698498
20240308,다사39502775,0,다사38752750,2,19,19,1,3,194,41,0,3.5,0,0,0,0,0,0,0,0,0,0,0,0,0,0,0,0,0,0,0,0,0,0,0,0,0,0,0,0,0,0,126.8183324,37.34794462,126.8098856,37.34564221
20240327,다사77006075,0,다사76506050,2,22,22,1,3,192,6,0,0,0,0,0,0,0,0,0,0,0,0,0,0,0,0,0,3.71,0,0,0,0,0,0,0,0,0,0,0,0,0,0,127.2406948,37.64707472,127.2350349,37.64480879
20240313,다사25753475,2,다사26503450,0,18,18,1,7,191,95,0,0,0,0,0,0,0,0,0,0,0,0,0,0,0,0,0,0,0,0,0,0,0,0,3.77,0,0,0,0,0,0,0,126.6623995,37.41003846,126.6708984,37.40784498
20240317,다사69001975,0,다사69251900,2,19,20,1,3,181,704,0,0,0,0,0,0,0,0,0,0,0,0,0,0,0,0,0,0,0,0,0,0,0,0,0,0,0,0,0,0,0,0,127.1517284,37.27728471,127.1545793,37.27053258
20240319,다사69004125,0,다사69254200,2,17,17,1,3,181,7,0,0,0,0,0,0,0,0,0,0,0,0,0,0,0,3.5,0,0,0,0,0,0,0,0,0,0,0,0,0,0,0,0,127.1508313,37.47107908,127.1536273,37.47784755
20240326,다사63007725,2,다사62507700,0,8,8,1,7,181,69,0,0,0,0,0,0,0,0,0,0,0,0,0,0,0,0,0,0,0,0,0,0,3.6,0,0,0,0,0,0,0,0,0,127.0811609,37.7953351,127.0754948,37.79306153
20240321,다사52252925,0,다사52752875,2,17,17,1,3,178,149,0,0,0,0,0,0,0,0,0,0,0,0,0,0,0,0,0,0,0,0,0,0,0,0,0,3.58,0,0,0,0,0,0,126.962184,37.36220676,126.9678619,37.35772555
20240328,다사51254975,1,다사51004925,2,13,15,1,3,174,1772,0,0,0,0,0,0,0,0,0,0,0,0,0,0,0,0,0,3.5,0,0,0,0,0,0,0,0,0,0,0,0,0,0,126.9495392,37.54692794,126.9467425,37.54240812
20240327,다사43252650,2,다사42502625,0,8,8,1,7,173,33,0,0,0,0,0,0,0,0,0,0,0,0,0,0,0,0,0,0,0,0,0,0,0,0,0,0,0,0,0,3.5,0,0,126.860765,37.33691433,126.8523181,37.33461494
20240306,다사32503300,0,다사32003300,0,8,13,1,7,172,4920,0,0,0,0,0,0,0,0,0,0,0,0,0,0,0,0,3.5,0,0,0,0,0,0,0,0,0,0,0,0,0,0,0,126.7388265,37.39478143,126.7331782,37.39474493
20240317,다사44004650,0,다사44754650,2,19,20,1,3,172,986,0,0,0,0,0,0,0,0,0,3.8,0,0,0,0,0,0,0,0,0,0,0,0,0,0,0,0,0,0,0,0,0,0,126.867717,37.51722435,126.8762035,37.51726948
20240308,다사54005225,1,다사53755175,0,11,11,1,7,171,168,0,0,0,0,2.38,0,0,3.54,0,0,0,0,0,0,0,0,0,0,0,0,0,0,3.5,0,0,0,0,0,0,0,0,0,126.980513,37.56960197,126.9777136,37.56508289
20240318,다사64000800,2,다사63500750,0,1,1,1,7,166,79,0,0,0,0,0,0,0,0,0,0,0,0,0,0,0,0,0,0,0,0,0,0,3.82,0,0,0,0,0,0,0,0,0,127.0958948,37.17119245,127.0902872,37.16666614
20240329,다사53501600,1,다사53001575,0,11,12,1,7,165,66,0,0,0,0,0,0,0,0,0,0,0,0,0,0,0,0,0,0,0,0,0,0,4.33,0,0,0,0,0,0,0,0,0,126.9771269,37.24284001,126.9715054,37.24056157
20240315,다사43002325,2,다사42502325,0,9,9,1,7,162,90,0,0,0,0,0,0,0,0,0,0,0,0,0,0,0,0,0,0,0,3.09,0,0,0,0,0,0,0,0,0,0,0,0,126.8581921,37.30760559,126.8525501,37.30757486
20240321,다사71005200,2,다사71255250,0,11,11,1,7,162,20,0,0,0,0,0,0,0,0,0,0,0,0,0,0,0,0,0,0,0,0,0,0,0,0,0,0,0,3.04,0,0,0,0,127.1730266,37.56803876,127.175838,37.57255328
20240313,다사41005775,2,다사40505775,0,7,7,1,7,160,9,0,0,0,0,0,0,0,0,3.26,0,0,0,0,0,0,0,0,0,0,0,0,0,0,0,0,0,0,0,0,0,0,0,126.8328672,37.61843345,126.8272019,37.61840128
20240307,다사38755175,2,다사38255200,1,15,15,1,1,159,60,0,0,0,0,0,0,0,3.1,0,0,0,0,0,0,0,0,0,0,0,0,0,0,0,0,0,0,0,0,0,0,0,0,126.8078743,37.56420936,126.8021921,37.56642926
20240318,다사69002025,0,다사69502050,2,21,21,1,3,158,100,0,0,3.5,0,0,0,0,0,0,0,0,0,0,0,0,0,0,0,0,0,0,0,0,3.01,0,0,0,0,0,0,0,0,127.1517076,37.28179162,127.1573377,37.28406154
20240321,다사49753350,0,다사50253375,2,18,19,1,3,151,280,0,0,0,0,0,0,0,0,0,0,0,0,0,0,0,0,0,0,0,0,0,0,0,3.99,0,0,0,0,0,0,0,0,126.9336654,37.40038201,126.9392976,37.40266228
20240315,다사50752750,2,다사51002700,0,14,15,1,7,150,143,0,0,0,0,0,0,0,0,0,0,4.01,0,0,0,0,0,0,0,0,0,0,0,0,0,0,0,0,0,0,0,0,0,126.9453617,37.34635496,126.9482171,37.34186142
20240311,다사56755775,2,다사57255750,1,8,9,1,2,143,1319,3.5,0,0,0,0,0,0,0,0,0,0,0,0,0,0,0,3.5,0,0,0,0,0,0,0,0,0,0,0,0,0,0,0,127.0113288,37.61930746,127.0170089,37.6170775
20240309,다사24254000,0,다사24254025,2,5,5,1,3,138,58,0,0,0,0,0,0,0,0,0,0,3.04,0,0,0,0,0,0,0,0,0,0,0,0,0,2.48,0,0,0,0,0,0,0,126.6449133,37.45723418,126.6448876,37.45948736
20240307,다사44254700,2,다사43754650,1,11,12,1,1,138,321,0,0,0,0,0,0,0,0,0,0,0,0,0,0,0,0,0,0,0,0,0,0,4.14,0,0,0,0,0,0,0,0,0,126.870508,37.52174601,126.8648881,37.51720917
20240328,다사61756100,2,다사61506075,0,13,13,1,7,135,50,0,0,0,0,0,0,0,0,0,0,0,0,0,0,0,0,0,0,0,0,0,0,0,0,0,3.16,0,0,0,0,0,0,127.0678151,37.6488214,127.0649944,37.64655769
20240324,다사52251600,1,다사52751575,2,18,19,1,3,129,925,0,0,0,0,0,0,0,0,0,0,0,0,0,0,0,0,0,3.5,0,0,0,0,0,0,0,0,0,0,0,0,0,0,126.9630338,37.24277694,126.9686868,37.24054895
20240328,다사54252200,0,다사54502175,1,12,12,1,2,129,51,0,0,2.85,0,0,0,0,0,0,0,0,0,0,0,0,0,0,10.2,3.5,3.2,0,0,0,0,0,0,0,0,0,0,0,0,126.9852146,37.29695897,126.9880506,37.2947178
20240312,다사33252575,0,다사33252550,2,4,4,2,3,129,926,0,0,0,3.5,0,0,0,0,0,0,0,0,0,0,0,0,0,0,0,0,0,0,0,0,0,0,0,0,0,0,0,0,126.7479514,37.3294907,126.7479739,37.32723742
20240310,다사31254900,2,다사31504925,0,9,9,1,7,127,12,0,0,0,0,0,0,0,0,0,0,0,0,0,0,0,0,0,0,0,0,0,0,0,3.62,0,0,0,0,0,0,0,0,126.723215,37.5388959,126.7260213,37.54116767
20240324,다사67255050,2,다사67005000,0,9,12,1,7,122,2596,0,0,0,0,0,0,0,0,0,0,0,0,4.05,0,0,0,0,0,0,0,0,0,0,0,0,0,0,0,0,0,0,0,127.13063,37.55439344,127.1278221,37.54987785
20240302,다사68255500,2,다사68005525,0,19,21,1,7,121,2581,0,0,0,0,0,3.22,0,0,0,0,0,0,0,0,0,0,0,0,0,0,0,0,0,0,0,0,0,0,0,0,0,0,127.1417573,37.59498851,127.1389145,37.59723321
20240307,다사59751975,0,다사59501975,2,18,18,1,3,119,119,0,0,3.81,0,0,0,0,0,0,0,0,0,0,0,0,0,0,0,0,0,0,0,0,0,0,0,0,0,0,0,0,0,127.0473906,37.27693176,127.0445706,37.27692094
20240326,다사53002150,2,다사52752175,0,4,4,1,7,119,78,0,0,0,0,0,0,0,0,0,0,0,0,0,0,0,0,0,0,0,0,0,0,3.97,0,0,0,0,0,0,0,0,0,126.971143,37.29238999,126.9683067,37.29463075
20240304,다사26004625,1,다사26004600,2,17,18,1,3,119,441,0,0,0,0,0,0,0,0,0,0,0,0,0,0,0,0,0,0,0,0,0,0,0,0,0,3.05,0,0,0,0,0,0,126.664071,37.51370523,126.6640962,37.51145206
20240311,다사58756025,0,다사59256025,2,12,12,1,3,118,134,0,0,0,0,0,0,0,0,0,0,0,0,0,0,0,0,0,0,0,0,0,0,0,0,3.82,0,0,0,0,0,0,0,127.0338504,37.64193205,127.0395177,37.64195431
20240331,다사44255350,0,다사44255300,2,17,18,1,3,116,30,0,0,0,0,0,0,0,0,0,0,0,0,0,0,0,0,0,0,0,0,0,3.92,0,0,0,0,0,0,0,0,0,0,126.870015,37.58033079,126.870053,37.57582429
20240324,다사50755450,2,다사50505475,0,20,21,1,7,113,622,0,0,0,0,0,0,0,0,3.97,0,0,0,0,0,0,0,0,0,0,0,0,0,0,0,0,0,0,0,0,0,0,0,126.9435608,37.58971381,126.9407123,37.5919537
20240315,다사51754575,0,다사51504575,2,0,1,1,3,112,519,0,0,0,0,0,0,0,0,0,0,0,0,4.06,0,0,0,0,0,0,0,0,2.64,0,0,0,0,0,0,0,0,0,0,126.9554614,37.51090133,126.9526327,37.51088826
20240308,다사71756825,2,다사71506800,0,21,21,1,7,112,25,0,0,0,0,0,0,0,3.61,0,0,0,0,0,0,0,0,0,0,0,0,0,0,0,0,0,0,0,0,0,0,0,0,127.1808934,37.71452827,127.1780667,37.71226726
20240305,다사57251675,0,다사57251725,2,20,20,1,3,109,48,0,0,0,0,0,0,0,0,0,0,0,0,0,0,0,0,0,0,0,0,0,0,0,0,3.5,0,0,0,0,0,0,0,127.0193634,37.24977945,127.0193347,37.25428632
20240324,다사43502175,2,다사43252200,1,11,11,2,1,108,112,0,0,0,0,0,3.5,0,0,0,0,0,0,0,0,0,0,0,0,0,0,0,3.5,0,0,0,0,0,0,0,0,0,0,126.8639479,37.29411593,126.8611084,37.2963541
20240330,다사25753925,2,다사26253950,0,14,14,1,7,106,6,0,0,0,0,0,0,0,0,0,0,0,0,0,0,0,0,0,0,0,0,0,0,0,0,0,0,4.21,0,0,0,0,0,126.6619474,37.45059609,126.6675749,37.45288924
20240327,다사62254850,2,다사61754850,0,13,13,1,7,106,14,0,0,3.81,0,0,0,0,0,0,0,0,0,0,0,0,0,0,0,0,0,0,0,0,0,0,0,0,0,0,0,0,0,127.0741255,37.53617609,127.0684662,37.53615554
20240308,다사62505425,2,다사62755450,1,10,10,1,1,105,6,0,0,0,0,0,0,0,0,0,0,0,0,0,0,0,0,0,0,0,0,0,0,0,0,0,0,0,0,4.08,0,0,0,127.076662,37.58801288,127.079481,37.59027632
20240331,다사51753125,2,다사52003150,0,11,11,1,7,103,202,0,0,0,0,0,0,0,0,0,0,0,0,0,0,0,0,0,0,0,0,0,0,0,0,0,0,0,3.5,0,0,0,0,126.9564078,37.38020787,126.9592154,37.38247417
20240306,다사24503900,2,다사24753875,1,6,6,1,1,103,39,0,0,0,0,0,0,0,0,0,0,0,0,0,0,0,0,0,3.5,0,0,0,0,0,0,0,0,0,0,0,0,0,0,126.647842,37.44824185,126.6506936,37.44600901
20240315,다사60508850,2,다사60758825,0,18,18,1,7,103,50,0,0,0,0,0,0,0,0,0,0,0,0,0,0,0,0,0,0,0,0,0,0,0,0,0,0,0,0,3.5,0,0,0,127.052153,37.89662542,127.05501,37.89438301
20240324,다사32256925,0,다사32256875,2,10,10,1,3,100,49,0,0,0,0,0,0,0,0,0,0,0,0,0,0,0,0,0,0,0,0,0,0,3.5,0,0,0,0,0,0,0,0,0,126.7326591,37.72147615,126.7327056,37.71696989
20240307,다사47505050,2,다사47255075,0,12,12,1,7,98,308,0,0,0,0,0,0,0,0,0,0,0,0,0,0,0,0,0,0,0,0,0,0,0,0,0,0,0,3.26,0,0,0,0,126.9070357,37.55348224,126.9041875,37.55572127
20240316,다사59001150,2,다사58751175,0,8,8,1,7,94,29,0,0,0,0,0,0,0,0,0,0,0,0,0,0,0,0,0,0,0,0,0,0,0,0,0,3.55,0,0,0,0,0,0,127.0393835,37.20253549,127.0365526,37.20477796
20240303,다사61255175,0,다사61005200,2,9,9,1,3,93,27,0,0,0,0,0,0,0,0,0,0,0,0,0,0,0,0,0,0,0,0,0,0,3.89,0,0,0,0,0,0,0,0,0,127.0626357,37.56542804,127.0597917,37.56767084
20240304,다사58751700,1,다사58751675,0,12,12,1,7,90,202,0,0,0,0,0,0,0,0,0,0,0,0,0,0,0,0,3.5,0,0,0,0,0,0,0,0,4.37,0,0,0,0,0,0,127.0362629,37.25210034,127.0362767,37.2498469
20240311,다사39004050,0,다사38754050,2,19,20,1,3,90,926,0,0,0,0,0,0,0,0,0,0,0,0,0,0,0,0,0,0,0,0,0,0,0,0,0,0,0,0,0,0,0,0,126.8116369,37.46282975,126.8088101,37.46281325
20240325,다사53751325,2,다사53751350,0,6,6,1,7,89,16,0,0,0,0,0,0,0,0,0,0,0,0,0,0,0,0,0,0,0,0,0,0,0,0,0,0,0,0,0,0,0,0,126.9801157,37.21806473,126.9801002,37.22031816
20240319,다사53252000,2,다사53251975,0,16,16,1,7,88,96,0,0,0,0,0,0,0,0,0,0,0,0,0,0,0,0,0,0,0,0,0,0,0,0,0,0,0,0,0,0,0,0,126.9740576,37.27888214,126.9740733,37.27662873
20240304,다사75753175,2,다사76003200,0,7,8,1,7,87,604,0,0,3.5,0,0,0,0,0,0,0,0,0,0,0,0,0,0,0,0,0,0,0,0,0,0,0,0,0,0,0,0,0,127.2274774,37.38565009,127.2302934,37.38791
20240330,다사51004275,2,다사51004325,0,9,9,1,7,87,689,0,0,0,0,0,0,0,0,0,0,0,0,0,3.5,0,0,0,0,0,0,0,0,0,0,0,0,0,0,0,0,0,0,126.9471748,37.48382216,126.9471416,37.48832879
20240307,다사51004500,0,다사51254500,2,14,15,1,3,87,1012,0,0,0,0,0,3.26,0,0,0,0,0,0,0,0,0,0,0,0,0,0,0,0,0,0,0,0,0,0,0,0,0,0,126.9470253,37.50410198,126.9498537,37.50411519
20240304,다사67504800,2,다사67504775,0,8,8,1,7,87,467,3.5,0,0,0,0,0,0,0,0,0,0,0,0,0,0,0,0,0,0,0,0,0,0,0,0,0,0,0,0,0,0,0,127.1335707,37.53186872,127.1335817,37.52961536
20240322,다사69004975,2,다사69255000,0,8,8,1,7,83,487,0,0,0,0,0,0,0,0,0,0,0,0,0,0,0,0,0,0,0,0,0,0,3.82,0,0,0,0,3.46,0,0,0,0,127.1504742,37.54769369,127.1532939,37.54995539
20240304,다사61001375,0,다사60751350,1,15,15,1,7,81,14,3.5,0,0,0,0,0,0,0,0,0,0,0,0,0,0,0,0,0,0,0,0,0,0,0,0,0,0,0,0,0,0,0,127.0618035,37.22290212,127.0589987,37.22063821
20240330,다사61251675,2,다사61251700,0,8,8,1,7,81,762,0,0,0,0,0,0,0,0,0,0,0,0,0,0,0,0,0,0,0,0,0,0,3.09,0,0,0,0,0,0,0,0,0,127.0644658,37.24995394,127.0644529,37.25220739
20240313,다사61000650,2,다사60750650,0,19,19,1,7,80,49,0,0,0,0,0,0,3.64,0,0,0,0,0,0,0,0,0,0,0,0,0,0,0,0,0,0,0,0,0,0,0,0,0,127.0621809,37.15755152,127.0593654,37.15754109
20240306,다사32003025,2,다사31753050,0,6,6,1,7,80,83,0,0,0,0,0,0,0,0,0,0,0,0,0,0,0,0,0,0,0,0,0,0,0,0,0,0,3.62,0,0,0,0,0,126.7334305,37.36995908,126.7305843,37.37219401
20240309,다사41754850,0,다사41504825,2,13,21,1,3,80,8187,0,0,0,0,0,0,0,3.63,0,0,0,0,0,0,0,0,0,0,0,0,0,0,0,0,0,0,0,0,0,0,0,0,126.8420991,37.53511138,126.8392895,37.53284232
20240314,다사84502850,2,다사84252850,0,22,22,1,7,77,101,0,0,0,0,0,0,0,0,3.24,0,0,0,0,0,0,0,0,0,0,0,0,0,0,0,0,0,0,0,0,0,0,0,127.3263868,37.35654164,127.3235638,37.35653746
20240323,다사60754600,0,다사61004575,3,18,19,1,7,77,412,0,0,0,0,0,0,0,0,0,0,0,0,0,0,0,0,0,3.5,0,0,0,0,0,0,0,0,0,0,0,0,0,0,127.0572808,37.51358024,127.0601228,37.51133747
20240304,다사69254400,0,다사69004375,2,16,16,1,3,75,55,0,0,0,0,0,0,0,0,4.22,0,0,0,0,0,0,0,0,0,0,0,0,0,3.5,0,0,0,0,0,0,0,0,0,127.1535441,37.4958746,127.1507264,37.49361289
20240322,다사23256000,0,다사23506025,2,9,10,1,3,75,592,0,0,0,0,0,0,0,0,0,3.88,0,0,0,0,0,0,0,0,0,0,0,0,0,0,0,0,0,0,0,0,0,0,126.6315187,37.637403,126.6343258,37.63967693
20240322,다사35256575,0,다사35006600,2,0,0,1,3,72,25,0,0,0,0,0,0,0,0,0,0,0,0,0,0,0,0,0,0,0,0,0,0,0,0,4.39,0,0,0,0,0,0,0,126.7670082,37.69014866,126.7641506,37.69238416
20240302,다사73007025,0,다사72757000,2,14,15,1,3,72,28,0,0,0,0,0,0,0,0,0,0,0,0,0,0,0,0,0,0,0,0,0,0,0,0,0,0,0,0,3.76,0,0,0,127.1950018,37.7325922,127.192174,37.73033153
20240311,다사59501850,1,다사59251850,0,10,11,1,7,71,65,0,0,0,0,0,0,0,0,0,0,0,0,0,0,0,0,3.5,0,0,0,0,0,0,0,0,0,0,0,0,0,0,0,127.0446385,37.26565378,127.041819,37.2656429
20240328,다사71756200,2,다사71756175,0,7,7,1,7,71,69,0,0,0,0,0,0,0,0,0,0,0,2.91,0,0,0,0,4.28,0,0,0,0,0,0,0,0,0,0,3.08,0,0,0,0,127.1811347,37.65819552,127.1811443,37.65594219
20240314,다사46756700,2,다사47006725,1,8,8,1,7,70,55,0,0,0,0,0,0,0,0,0,0,0,0,0,0,0,0,0,0,0,0,0,0,0,0,0,0,0,0,4.15,0,0,0,126.8973454,37.70215334,126.9001631,37.70442101
20240310,다사65004500,2,다사65004525,0,11,11,1,7,67,53,0,0,0,0,0,0,0,0,0,0,0,0,0,0,0,0,0,0,0,0,0,0,0,0,0,0,3.08,0,0,0,0,0,127.105418,37.50473726,127.1054061,37.50699063
20240320,다사40255125,0,다사40255125,2,2,2,1,3,67,154,0,0,0,0,0,0,0,0,0,0,0,0,0,0,0,0,0,0,0,3.31,0,0,0,0,0,0,0,0,0,0,0,0,126.8248986,37.55980123,126.8248986,37.55980123
20240309,다사57505250,0,다사57755225,2,21,21,1,3,67,172,0,0,0,0,3.07,0,0,0,0,0,0,0,0,0,0,0,0,0,0,0,0,0,0,0,0,0,0,0,0,0,0,0,127.0201311,37.57202303,127.0229765,37.56978119
20240329,다사32004275,0,다사32004300,2,0,0,1,3,63,61,0,0,0,0,0,0,0,0,0,0,0,0,0,0,0,0,0,0,0,0,0,0,0,3.53,0,0,0,0,0,0,0,0,126.7322809,37.4826212,126.7322579,37.48487442
20240327,다사37253725,0,다사37003725,2,14,14,1,3,61,11,0,0,0,0,0,0,0,0,0,0,0,0,0,0,0,0,0,0,0,0,0,0,0,0,0,0,0,0,0,0,3.5,0,126.7921256,37.43342039,126.7893,37.43340344
20240324,다사44254650,0,다사44254675,2,13,13,1,3,58,7,0,0,0,0,0,0,0,0,0,0,0,0,0,0,0,0,0,0,0,0,0,3.54,0,0,0,0,0,0,0,0,0,0,126.8705458,37.51723946,126.8705269,37.51949274
20240320,다사31754775,1,다사32004775,2,20,21,1,3,57,64,0,0,0,0,0,0,0,0,0,0,0,0,0,0,0,0,0,0,0,0,0,0,0,0,0,0,3.92,0,0,0,0,0,126.7289902,37.52766699,126.7318193,37.52768543
20240306,다사59501775,2,다사59501775,0,19,19,1,7,55,73,0,0,0,0,0,0,0,0,0,0,3.16,0,0,0,0,0,0,0,0,0,2.66,0,0,0,7.53,0,0,0,0,0,0,0,127.0446792,37.25889347,127.0446792,37.25889347
20240323,다사47504650,0,다사47254650,4,16,16,1,4,55,49,0,0,0,0,0,0,0,0,0,0,0,0,0,0,0,0,0,0,2.64,0,5.63,0,3.32,0,0,0,0,0,0,0,0,0,126.9073211,37.51742973,126.9044922,37.5174155
20240316,다바78759100,2,다바78759100,0,7,7,1,7,51,123,0,0,0,0,0,0,0,0,0,0,0,0,0,0,0,0,3.5,0,0,0,0,0,0,0,0,0,0,3.59,0,0,0,0,127.2625196,37.01840105,127.2625196,37.01840105
20240309,다바60509300,2,다바60259325,0,7,7,1,7,51,37,0,0,0,3.53,0,0,0,0,0,0,0,0,0,0,0,0,0,0,0,0,0,0,0,0,0,0,0,0,0,0,0,0,127.0572586,37.03584142,127.0544344,37.03808443
20240323,다사55502300,2,다사55252300,0,8,8,1,7,51,119,0,0,0,0,0,0,0,0,0,0,0,3.5,0,0,0,0,0,0,3.53,0,0,0,0,0,0,0,0,0,0,0,0,0,126.9992581,37.3060331,126.9964371,37.30602113
20240311,다사31754425,0,다사31754425,2,20,20,1,3,46,117,0,0,0,0,0,0,0,0,0,0,0,0,0,0,0,0,0,0,0,0,0,3.43,0,0,0,0,0,0,0,0,0,0,126.7293146,37.49612209,126.7293146,37.49612209
20240304,다사47004550,0,다사46754550,2,10,10,1,3,46,44,0,0,0,0,0,0,0,0,0,0,0,0,0,0,0,0,0,0,0,0,0,0,0,3.37,3.13,0,0,0,0,0,0,0,126.9017353,37.50838805,126.8989067,37.50837369
20240329,다사62505800,1,다사62505800,2,17,18,1,3,46,833,0,0,0,0,0,0,0,0,3.05,0,0,0,0,0,0,0,0,0,0,0,0,0,0,0,0,0,0,0,0,0,0,0,127.0764704,37.6218126,127.0764704,37.6218126
20240331,다사28254050,2,다사28254050,0,22,23,1,7,45,973,0,0,0,0,0,3.17,0,0,0,0,0,0,0,0,0,0,0,0,0,0,0,0,0,0,0,0,0,0,0,0,0,0,126.6900882,37.46205917,126.6900882,37.46205917
20240326,다사56252250,2,다사56502225,0,4,4,1,7,44,1016,0,0,0,0,0,0,0,0,0,0,0,0,0,0,0,0,0,0,0,0,0,0,0,0,3.19,0,0,0,0,0,0,0,127.0077504,37.30156179,127.0105858,37.29932007
20240324,다사32005675,1,다사32255675,2,21,21,1,3,44,58,0,0,0,0,0,0,0,0,0,0,0,0,0,0,0,0,0,0,0,0,0,0,3.62,0,0,0,0,0,0,0,0,0,126.7309858,37.60880017,126.733818,37.6088186
20240322,다사65502025,1,다사65502025,2,21,21,1,3,43,35,0,3.5,0,0,0,0,0,0,0,0,0,0,0,0,0,0,0,0,0,0,0,0,0,0,0,0,0,0,0,0,0,0,127.1122259,37.28166887,127.1122259,37.28166887
20240325,다사42004775,2,다사41754775,0,1,1,1,7,37,25,0,0,0,0,0,0,0,0,0,0,0,0,0,0,0,0,0,0,0,0,0,0,0,0,0,0,0,0,4.08,0,0,0,126.8449878,37.52836733,126.8421585,37.52835161
20240303,다사60254450,0,다사60254450,2,6,7,1,3,34,228,0,0,0,0,0,0,0,0,0,0,0,0,0,0,0,0,0,0,0,0,0,0,0,4.19,0,0,0,0,0,0,0,0,127.051704,37.50003883,127.051704,37.50003883
20240326,다사62505675,2,다사62505675,1,15,16,1,1,33,170,0,0,0,0,0,0,0,0,0,0,0,0,0,0,0,0,0,0,0,0,0,0,0,0,0,0,3.37,0,0,0,0,0,127.0765343,37.61054605,127.0765343,37.61054605
20240331,다사47255200,0,다사47255200,2,6,6,1,3,32,176,0,0,0,0,0,0,0,0,0,0,0,0,0,0,0,0,0,0,0,2.58,2.51,0,0,0,0,3.23,0,0,0,0,0,3.5,126.9040978,37.56698762,126.9040978,37.56698762
20240328,다사53005300,2,다사53005300,0,2,2,1,7,21,101,0,0,0,0,0,0,2.01,0,0,0,2.24,0,0,0,0,0,0,0,0,0,0,0,0,0,0,0,0,2.96,0,0,0,0,126.9691415,37.57631148,126.9691415,37.57631148
20240330,다사38253700,0,다사38253700,2,7,7,1,3,14,88,0,0,0,0,0,0,0,0,0,0,0,0,0,0,0,0,0,0,0,0,0,0,0,3.5,0,0,0,0,0,0,0,0,126.8034491,37.43123426,126.8034491,37.43123426
20240305,다사56505725,1,다사56505725,2,16,16,1,3,14,144,0,0,0,0,0,0,0,0,0,0,0,0,0,0,0,0,0,0,0,3.54,0,0,0,0,0,0,0,0,0,0,0,0,127.0085257,37.61478912,127.0085257,37.61478912
20240306,다사60508850,2,다사60508850,0,6,6,1,7,14,336,0,0,0,0,3.5,0,0,0,0,0,0,0,0,0,0,0,0,0,0,0,0,0,0,0,0,0,0,0,0,0,0,0,127.052153,37.89662542,127.052153,37.89662542
20240312,다사45003500,0,다사45003500,1,14,14,1,1,13,22,0,0,0,0,0,0,0,0,0,0,0,0,0,0,0,0,0,0,0,0,0,3.72,0,0,0,0,0,0,0,0,0,0,126.8798891,37.41363271,126.8798891,37.41363271