ETL_YMD,O_CELL_ID,O_CELL_X,O_CELL_Y,O_CELL_TP,D_CELL_ID,D_CELL_X,D_CELL_Y,D_CELL_TP,ST_TIME_CD,FNS_TIME_CD,IN_FORN_DIV_NM,MOVE_PURPOSE,MOVE_DIST,MOVE_TIME,MALE_00_CNT,MALE_10_CNT,MALE_20_CNT,MALE_30_CNT,MALE_35_CNT,MALE_40_CNT,MALE_45_CNT,MALE_50_CNT,MALE_55_CNT,MALE_60_CNT,MALE_65_CNT,MALE_70_CNT,MALE_75_CNT,MALE_80_CNT,MALE_85_CNT,FEML_00_CNT,FEML_10_CNT,FEML_15_CNT,FEML_20_CNT,FEML_25_CNT,FEML_30_CNT,FEML_35_CNT,FEML_40_CNT,FEML_45_CNT,FEML_50_CNT,FEML_55_CNT,FEML_60_CNT,FEML_65_CNT,FEML_70_CNT,FEML_75_CNT,FEML_80_CNT,FEML_85_CNT
20240318,다사31004675,931125,1946875,2,다사31004500,931125,1945125,0,20,20,1,7,501,53,0,0,0,0,0,0,0,0,3.6,0,0,0,0,0,0,0,0,0,0,0,0,0,0,0,0,0,0,0,0,0,0,0
20240315,다사44755000,944875,1950125,2,다사58254750,958375,1947625,1,6,7,1,1,4232,911,0,0,0,0,0,3.29,0,0,0,0,0,0,0,0,0,0,0,0,0,0,0,0,0,0,0,0,0,0,0,0,0,0
20240314,다사54004200,954125,1942125,0,다사64254900,964375,1949125,2,21,21,1,3,3765,787,0,0,0,0,0,0,0,0,0,0,0,0,0,0,0,0,0,0,0,0,0,0,0,0,3.34,0,0,0,0,0,0,0
20240319,다사52255125,952375,1951375,1,다사66505925,966625,1959375,0,19,21,1,7,5228,1701,0,0,0,0,0,3.15,0,0,0,0,0,0,0,0,0,0,0,0,0,0,0,0,0,0,0,0,0,0,0,0,0,0
20240311,다사54251650,954375,1916625,1,다사52752175,952875,1921875,0,11,11,1,7,1609,172,0,0,0,0,0,0,0,0,3.5,0,0,0,0,0,0,0,0,0,0,0,0,0,0,0,0,0,0,0,0,0,0,0
20240321,다바48508650,948625,1886625,0,다바48008725,948125,1887375,2,10,10,1,3,274,90,0,0,0,0,0,0,0,0,0,0,0,0,0,0,0,0,0,0,0,0,0,0,0,0,3.5,0,0,0,0,0,0,0
20240311,다사23004850,923125,1948625,0,다사25004850,925125,1948625,1,11,11,1,7,655,7,0,0,0,0,0,0,3.13,0,0,0,0,0,0,0,0,0,0,0,0,0,0,0,0,0,0,0,0,0,0,0,0,0
20240306,다사23253150,923375,1931625,1,다사25753250,925875,1932625,0,17,17,1,7,833,115,0,0,0,0,0,0,3.12,0,0,0,0,0,0,0,0,0,0,0,0,0,0,0,0,0,0,0,0,0,0,0,0,0
20240329,다사62505800,962625,1958125,1,다사62505800,962625,1958125,2,17,18,1,3,46,833,0,0,0,0,0,0,0,0,3.05,0,0,0,0,0,0,0,0,0,0,0,0,0,0,0,0,0,0,0,0,0,0,0
20240315,다사24254100,924375,1941125,2,다사30003375,930125,1933875,1,7,8,1,1,2635,773,0,0,0,0,0,0,0,0,0,0,0,0,0,0,0,0,0,0,0,0,0,3.5,0,0,0,0,0,0,0,0,0,0
20240326,다사60755300,960875,1953125,0,다사60754900,960875,1949125,0,11,12,1,7,1032,669,0,0,0,0,0,3.93,0,0,0,0,0,0,0,0,0,0,0,0,0,0,0,0,0,0,0,0,0,0,0,0,0,0
20240324,다사52251600,952375,1916125,1,다사52751575,952875,1915875,2,18,19,1,3,129,925,0,0,0,0,0,0,0,0,0,0,0,0,0,0,0,0,0,3.5,0,0,0,0,0,0,0,0,0,0,0,0,0,0
20240313,다사37253825,937375,1938375,0,다사38253875,938375,1938875,0,22,22,1,7,280,62,0,0,0,0,0,0,0,3.92,0,0,0,0,0,0,0,0,0,0,0,0,0,0,0,0,0,0,0,0,0,0,0,0
20240302,다사68255500,968375,1955125,2,다사68005525,968125,1955375,0,19,21,1,7,121,2581,0,0,0,0,0,3.22,0,0,0,0,0,0,0,0,0,0,0,0,0,0,0,0,0,0,0,0,0,0,0,0,0,0
20240305,다사31004175,931125,1941875,0,다사30004200,930125,1942125,0,17,17,1,7,319,5,0,0,0,0,0,0,0,0,0,0,0,0,0,0,0,0,0,0,0,0,0,0,0,0,0,3.5,0,0,0,0,0,0
20240307,다사56001950,956125,1919625,0,다사54502025,954625,1920375,2,17,18,2,3,472,121,0,0,0,0,0,0,0,0,0,0,0,0,0,0,0,0,0,0,0,3.5,0,0,0,0,0,0,0,0,0,0,0,0
20240304,다사61001375,961125,1913875,0,다사60751350,960875,1913625,1,15,15,1,7,81,14,3.5,0,0,0,0,0,0,0,0,0,0,0,0,0,0,0,0,0,0,0,0,0,0,0,0,0,0,0,0,0,0,0
20240320,다사31755625,931875,1956375,2,다사32005675,932125,1956875,0,19,19,1,7,198,111,0,3.5,0,0,0,0,0,0,0,0,0,0,0,0,0,0,3.5,0,0,0,0,0,0,0,0,0,0,0,0,0,0,0
20240319,다사51505075,951625,1950875,2,다사52505175,952625,1951875,1,8,9,1,1,406,800,0,0,0,0,0,0,0,0,0,0,0,0,0,0,0,0,0,0,0,0,0,0,3.66,0,0,0,0,0,0,0,0,0
20240301,다사61001400,961125,1914125,0,다사62501325,962625,1913375,0,14,14,1,7,557,4,0,0,0,0,0,0,0,0,0,0,0,0,0,0,0,0,0,0,0,0,0,3.02,0,0,0,0,0,0,0,0,0,0
20240307,다사74255025,974375,1950375,0,다사73754875,973875,1948875,0,11,11,1,7,424,221,0,0,0,0,0,0,0,0,0,0,0,0,0,0,0,0,0,0,0,0,0,0,0,0,0,0,0,3.69,0,0,0,0
20240320,다사35000800,935125,1908125,1,다바98007750,998125,1877625,0,10,12,1,7,19038,2517,0,0,0,0,0,3.67,0,0,0,0,0,0,0,0,0,0,0,0,0,0,0,0,0,0,0,0,0,0,0,0,0,0
20240312,다사61005900,961125,1959125,2,다사54505125,954625,1951375,1,7,8,1,1,3291,1067,0,0,0,0,0,0,3.07,0,0,0,0,0,0,0,0,0,0,0,0,0,0,0,0,0,0,0,0,0,0,0,0,0
20240331,다사72501850,972625,1918625,0,다바79009075,979125,1890875,0,15,16,1,7,7157,707,0,0,0,0,0,0,0,0,0,0,0,0,0,0,0,0,0,0,0,0,0,0,3.99,0,0,0,0,0,0,0,0,0
20240308,다사52253250,952375,1932625,0,다사52003425,952125,1934375,0,14,14,1,7,439,44,0,0,0,0,0,0,0,0,0,0,0,0,0,0,0,0,0,0,0,0,0,0,0,3.56,0,0,0,0,0,0,0,0
20240309,다사46504075,946625,1940875,0,다사53255300,953375,1953125,0,14,16,1,7,4412,2179,0,0,0,0,0,0,0,0,0,0,0,0,0,0,0,0,0,0,0,3.18,0,0,0,0,0,0,0,0,0,0,0,0
20240316,다바70009600,970125,1896125,0,다사66500775,966625,1907875,2,13,15,1,3,4092,1400,0,0,0,0,0,0,0,0,0,0,0,0,0,0,0,0,0,0,0,0,0,0,0,0,0,0,3.01,0,0,0,0,0
20240306,다사56002300,956125,1923125,2,다사60251625,960375,1916375,1,7,8,1,1,2215,874,0,0,0,0,0,0,0,0,0,3.5,0,0,0,0,0,0,0,0,0,0,0,0,0,0,0,0,0,0,0,0,0,0
20240312,다사45003500,945125,1935125,0,다사45003500,945125,1935125,1,14,14,1,1,13,22,0,0,0,0,0,0,0,0,0,0,0,0,0,0,0,0,0,0,0,0,0,3.72,0,0,0,0,0,0,0,0,0,0
20240328,다사53502050,953625,1920625,2,다사57500875,957625,1908875,1,6,6,1,1,3754,402,0,0,0,0,3.32,0,0,0,0,0,0,0,0,0,0,0,0,0,0,0,0,0,0,0,0,0,0,0,0,0,0,0
20240327,다바61009575,961125,1895875,2,다사62001275,962125,1912875,1,6,7,1,1,4211,1138,0,0,0,0,0,0,0,0,0,0,0,0,0,0,0,0,0,0,0,0,0,0,0,0,0,0,4.08,0,0,0,0,0
20240321,다사27004025,927125,1940375,1,다사23504075,923625,1940875,2,17,18,1,3,1156,426,0,0,0,0,0,0,3.14,0,0,0,0,0,0,0,0,0,0,0,0,0,0,0,0,0,0,0,0,0,0,0,0,0
20240307,다사51004500,951125,1945125,0,다사51254500,951375,1945125,2,14,15,1,3,87,1012,0,0,0,0,0,3.26,0,0,0,0,0,0,0,0,0,0,0,0,0,0,0,0,0,0,0,0,0,0,0,0,0,0
20240325,다사66506750,966625,1967625,0,다사59256000,959375,1960125,2,21,22,1,3,2386,412,0,0,0,0,0,0,0,0,0,0,0,0,0,0,0,0,0,0,0,0,0,0,0,0,0,0,0,0,4.45,0,0,0
20240313,다사65002700,965125,1927125,0,다사53005300,953125,1953125,0,13,15,1,7,8521,1917,0,0,0,0,0,0,0,0,0,0,0,0,0,0,0,0,0,0,0,0,0,0,0,0,0,0,3.37,0,0,0,0,0
20240302,나사92507575,892625,1975875,2,다사00756725,900875,1967375,0,12,13,1,7,3118,633,0,0,0,0,0,0,0,0,0,0,0,0,3.82,0,0,0,0,0,0,0,0,0,0,0,0,0,0,0,0,0,0,0
20240314,다사40755825,940875,1958375,2,다사44755550,944875,1955625,1,6,7,1,1,1139,210,0,0,0,0,0,0,0,0,0,0,0,0,0,0,0,0,0,0,0,0,0,0,0,0,0,4.26,0,0,0,0,0,0
20240329,다사55751850,955875,1918625,1,다사62251950,962375,1919625,2,16,16,1,3,1873,751,0,0,0,0,0,0,0,0,0,0,0,0,0,0,0,0,0,3.5,0,0,0,0,0,0,0,0,0,0,0,0,0,0
20240309,다사63007025,963125,1970375,2,다사66007325,966125,1973375,0,17,17,1,7,1072,158,0,0,0,0,0,0,0,0,0,0,3.83,0,0,0,0,0,0,0,0,0,0,0,0,0,0,0,0,0,0,0,0,0
20240321,다사57505225,957625,1952375,2,다사53755250,953875,1952625,1,6,7,2,1,1044,809,0,0,0,0,3.5,0,0,0,0,0,0,0,0,0,0,0,0,0,0,0,0,0,0,0,0,0,0,0,0,0,0,0
20240307,다사44254700,944375,1947125,2,다사43754650,943875,1946625,1,11,12,1,1,138,321,0,0,0,0,0,0,0,0,0,0,0,0,0,0,0,0,0,0,0,0,0,0,4.14,0,0,0,0,0,0,0,0,0
20240305,다사58505200,958625,1952125,0,다사54504650,954625,1946625,0,14,14,1,7,1558,448,0,0,0,0,0,0,0,0,0,0,0,0,0,0,0,0,0,0,0,0,0,0,0,0,0,0,0,0,4.43,0,0,0
20240327,다사77006075,977125,1960875,0,다사76506050,976625,1960625,2,22,22,1,3,192,6,0,0,0,0,0,0,0,0,0,0,0,0,0,0,0,0,0,3.71,0,0,0,0,0,0,0,0,0,0,0,0,0,0
20240316,다사27004675,927125,1946875,0,다사53255050,953375,1950625,0,8,9,1,7,6907,876,0,0,0,0,0,0,0,0,0,0,0,0,0,0,0,0,0,0,3.83,0,0,0,0,0,0,0,0,0,0,0,0,0
20240331,다사65003025,965125,1930375,0,다사63254600,963375,1946125,2,6,7,1,3,5052,1563,0,0,0,0,0,0,0,0,0,0,0,0,0,0,0,0,0,0,0,0,0,0,0,0,0,0,0,0,0,0,0,0
20240309,다사41502175,941625,1921875,2,다사40502350,940625,1923625,0,9,9,1,7,605,106,0,0,0,0,0,0,0,0,0,0,0,0,0,0,0,0,0,0,0,0,0,3.26,0,0,0,0,0,0,0,0,0,0
20240314,다사58001050,958125,1910625,1,다사61500375,961625,1903875,2,11,12,1,3,2404,267,0,0,0,0,0,0,0,0,0,0,0,0,0,0,0,0,0,0,0,3.19,0,0,0,0,0,0,0,0,0,0,0,0
20240323,다사59004575,959125,1945875,0,라사10753425,1010875,1934375,0,11,13,1,7,17142,2180,0,0,0,0,0,0,0,0,0,0,0,0,0,0,0,0,0,0,0,0,0,0,0,0,0,0,0,3.09,0,0,0,0
20240308,다사69504025,969625,1940375,2,다사58754575,958875,1945875,1,7,8,1,1,3310,955,0,0,0,0,0,0,3.65,0,0,0,0,0,0,0,0,0,0,0,0,0,0,0,0,0,0,0,0,0,0,0,0,0
20240304,다사57004300,957125,1943125,1,다사64005700,964125,1957125,2,17,18,1,3,5078,1249,0,0,0,0,0,0,0,0,0,0,0,0,0,0,0,0,0,0,0,0,0,0,3.09,0,0,0,0,0,0,0,0,0
20240306,다사32503300,932625,1933125,0,다사32003300,932125,1933125,0,8,13,1,7,172,4920,0,0,0,0,0,0,0,0,0,0,0,0,0,0,0,0,3.5,0,0,0,0,0,0,0,0,0,0,0,0,0,0,0
20240307,다사49754275,949875,1942875,1,다사47254200,947375,1942125,2,17,18,1,3,794,403,0,0,0,0,0,0,0,0,0,0,0,0,0,0,0,0,0,0,0,3.41,0,0,0,0,0,0,0,0,0,0,0,0
20240304,다사30503700,930625,1937125,0,다사32004050,932125,1940625,2,19,20,1,3,1036,1194,0,0,0,0,0,0,3.5,0,0,0,0,0,0,0,0,0,0,0,0,0,0,0,0,0,0,0,0,0,0,0,0,0
20240318,다사26256125,926375,1961375,0,다사27256125,927375,1961375,2,11,12,1,3,283,1049,0,0,0,0,0,0,0,0,0,0,3.09,0,0,0,0,0,0,0,0,0,0,0,0,0,0,0,0,0,0,0,0,0
20240316,다사07504425,907625,1944375,0,다사34506825,934625,1968375,0,16,17,1,7,9955,1006,0,0,0,0,0,0,0,0,3.64,0,0,0,0,0,0,0,0,0,0,0,0,0,0,0,0,0,0,0,0,0,0,0
20240306,다사60508850,960625,1988625,2,다사60508850,960625,1988625,0,6,6,1,7,14,336,0,0,0,0,3.5,0,0,0,0,0,0,0,0,0,0,0,0,0,0,0,0,0,0,0,0,0,0,0,0,0,0,0
20240327,다사66252100,966375,1921125,2,다사52752075,952875,1920875,1,14,15,1,1,4416,1077,0,0,0,0,0,0,0,0,0,0,0,0,0,0,0,0,0,0,0,3.06,0,0,0,0,0,0,0,0,0,0,0,0
20240312,다사33252575,933375,1925875,0,다사33252550,933375,1925625,2,4,4,2,3,129,926,0,0,0,3.5,0,0,0,0,0,0,0,0,0,0,0,0,0,0,0,0,0,0,0,0,0,0,0,0,0,0,0,0
20240311,다사25754825,925875,1948375,0,다사44004975,944125,1949875,0,21,22,1,7,5277,995,0,0,0,0,0,3.5,0,0,0,0,0,0,0,0,0,0,0,0,0,0,0,0,0,0,0,0,0,0,0,0,0,0
20240307,다사61505975,961625,1959875,2,다사56756050,956875,1960625,1,7,8,1,1,1511,481,0,0,0,0,0,0,0,0,0,3.14,0,0,0,0,0,0,0,0,0,0,0,0,0,0,0,0,0,0,0,0,0,0
20240306,다사64503525,964625,1935375,1,다사63752575,963875,1925875,2,18,19,1,3,2847,566,0,0,0,0,0,3.35,0,0,0,0,0,0,0,0,0,0,0,0,0,0,0,0,0,0,0,0,0,0,0,0,0,0
20240317,다사77003575,977125,1935875,2,다사66753525,966875,1935375,0,17,17,1,7,3351,348,0,0,0,0,0,0,0,0,0,0,0,0,0,0,0,0,0,0,0,0,0,0,0,0,0,0,0,0,0,0,0,0
20240330,다사31004500,931125,1945125,2,다바13754900,913875,1849125,0,4,5,1,7,22128,1292,0,0,0,0,0,0,0,4.41,0,0,0,0,0,0,0,0,0,0,0,0,0,0,0,0,0,0,0,0,0,0,0,0
20240315,다사43002325,943125,1923375,2,다사42502325,942625,1923375,0,9,9,1,7,162,90,0,0,0,0,0,0,0,0,0,0,0,0,0,0,0,0,0,0,0,3.09,0,0,0,0,0,0,0,0,0,0,0,0
20240330,다사69752050,969875,1920625,0,다사63501925,963625,1919375,2,16,18,1,3,1950,2104,0,0,0,0,0,0,0,0,3.16,0,0,0,0,0,0,0,0,0,0,0,0,0,0,0,0,0,0,0,0,0,0,0
20240327,다사51254425,951375,1944375,2,다사71005400,971125,1954125,0,11,12,1,7,7302,698,0,0,0,0,0,0,0,0,0,0,0,0,0,0,0,0,0,0,0,0,0,0,0,0,0,3.02,0,0,0,0,0,0
20240306,다사68501975,968625,1919875,2,다사70002025,970125,1920375,0,8,9,1,7,419,557,0,0,0,0,0,0,0,0,0,0,0,0,0,0,0,0,0,0,0,0,0,3.45,0,0,0,0,0,0,0,0,0,0
20240311,다사31754425,931875,1944375,0,다사31754425,931875,1944375,2,20,20,1,3,46,117,0,0,0,0,0,0,0,0,0,0,0,0,0,0,0,0,0,0,0,0,0,3.43,0,0,0,0,0,0,0,0,0,0
20240319,다사49502875,949625,1928875,2,다사49002375,949125,1923875,0,16,17,1,7,1563,243,0,0,0,0,3.26,0,0,0,0,0,0,0,0,0,0,0,0,0,0,0,0,0,0,0,0,0,0,0,0,0,0,0
20240310,다바63258825,963375,1888375,0,다사65001600,965125,1916125,2,20,22,1,3,7344,1976,0,0,0,0,0,0,0,0,0,0,0,0,0,0,0,0,0,0,0,0,0,0,0,0,0,0,0,0,0,3.79,0,0
20240323,다사60751225,960875,1912375,2,다사57251950,957375,1919625,3,9,10,1,7,2313,1403,0,0,0,0,0,0,0,0,0,0,0,0,0,0,0,0,0,0,0,0,0,0,0,0,0,0,0,0,0,3.5,0,0
20240313,다사47003700,947125,1937125,2,다사54253150,954375,1931625,0,11,12,1,7,2646,684,0,0,0,0,0,0,0,0,0,0,0,0,0,0,0,0,0,0,0,0,0,0,0,0,0,0,0,0,0,0,3.5,0
20240303,다사41752475,941875,1924875,0,다사40252675,940375,1926875,2,14,15,1,3,706,45,0,0,0,0,0,0,0,0,0,0,0,0,0,0,0,0,0,0,0,0,0,0,0,0,0,3.5,0,0,0,0,0,0
20240331,다사26256050,926375,1960625,0,다사28257700,928375,1977125,1,10,10,1,1,5327,756,0,0,0,0,0,0,0,0,0,0,0,0,0,0,0,0,0,0,0,0,0,0,0,0,0,3.09,0,0,0,0,0,0
20240313,다사41005775,941125,1957875,2,다사40505775,940625,1957875,0,7,7,1,7,160,9,0,0,0,0,0,0,0,0,3.26,0,0,0,0,0,0,0,0,0,0,0,0,0,0,0,0,0,0,0,0,0,0,0
20240308,다사73006950,973125,1969625,2,다사66756000,966875,1960125,1,6,6,1,1,3462,269,0,0,0,0,0,0,0,0,0,0,0,0,0,0,0,0,0,0,0,0,0,0,0,0,0,0,3.34,0,0,0,0,0
20240306,다사47004750,947125,1947625,2,다사49753850,949875,1938625,0,11,14,1,7,2774,2397,0,0,0,0,0,0,0,0,0,0,0,0,0,0,0,0,0,0,0,0,0,0,0,3.44,0,0,0,0,0,0,0,0
20240323,다사54251075,954375,1910875,2,다사61750500,961875,1905125,0,10,13,2,7,2671,2222,0,0,0,0,0,0,0,0,0,0,0,0,0,0,0,0,0,0,3.5,0,0,0,0,0,0,0,0,0,0,0,0,0
20240320,다사47005275,947125,1952875,2,다사46005275,946125,1952875,0,13,15,1,7,273,2074,0,0,0,0,0,0,0,0,0,0,0,0,0,0,0,0,0,0,0,0,0,0,0,0,0,0,0,0,0,3.5,0,0
20240319,다사54753350,954875,1933625,1,다사50753325,950875,1933375,2,17,17,1,3,954,250,0,0,0,0,0,0,0,0,0,0,0,0,0,0,0,0,0,0,0,0,0,0,0,4.36,0,0,0,0,0,0,0,0
20240328,다사57005925,957125,1959375,0,다사56255200,956375,1952125,3,16,17,1,7,2425,1322,0,0,0,0,0,0,0,0,0,0,0,0,0,0,0,0,0,0,0,0,0,0,0,0,0,3,0,0,0,0,0,0
20240315,다사45503750,945625,1937625,1,다사59754950,959875,1949625,0,13,14,1,7,5272,1574,0,0,0,0,0,0,0,3.55,0,0,0,0,0,0,0,0,0,0,0,0,0,0,0,0,0,0,0,0,0,0,0,0
20240314,다사84502850,984625,1928625,2,다사84252850,984375,1928625,0,22,22,1,7,77,101,0,0,0,0,0,0,0,0,3.24,0,0,0,0,0,0,0,0,0,0,0,0,0,0,0,0,0,0,0,0,0,0,0
20240324,다사58756100,958875,1961125,1,다사57505900,957625,1959125,2,14,14,1,3,706,313,0,0,0,0,0,0,0,0,0,0,0,0,0,0,0,0,0,0,0,0,0,0,0,0,0,3.34,0,0,0,0,0,0
20240326,다사61504275,961625,1942875,2,다사63754900,963875,1949125,1,7,8,1,1,1905,812,0,0,0,0,0,0,0,0,0,0,0,0,0,0,0,0,0,0,0,0,0,0,0,0,0,0,0,0,0,0,0,0
20240311,다사40756050,940875,1960625,2,다사35256225,935375,1962375,1,9,9,1,1,1390,211,0,0,0,0,0,0,0,0,0,0,0,0,0,0,0,0,0,0,4.06,0,0,0,0,0,0,0,0,0,0,0,0,0
20240319,다사49505900,949625,1959125,2,다사48755800,948875,1958125,0,14,14,1,7,437,302,0,0,0,0,0,0,0,0,0,0,0,0,0,0,0,0,0,0,0,0,0,0,0,0,0,0,0,0,3.09,0,0,0
20240326,다사53002150,953125,1921625,2,다사52752175,952875,1921875,0,4,4,1,7,119,78,0,0,0,0,0,0,0,0,0,0,0,0,0,0,0,0,0,0,0,0,0,0,3.97,0,0,0,0,0,0,0,0,0
20240302,다사66252800,966375,1928125,2,다사64252475,964375,1924875,0,19,19,1,7,1078,107,0,0,0,0,0,0,0,0,0,0,0,0,0,0,0,0,0,0,0,0,0,0,0,0,0,0,0,0,0,0,0,0
20240307,다사54004200,954125,1942125,0,다사69502000,969625,1920125,2,2,4,1,3,8688,1407,0,0,0,0,0,0,0,3.1,0,0,0,0,0,0,0,0,0,0,0,0,0,0,0,0,0,0,0,0,0,0,0,0
20240304,다사26004625,926125,1946375,1,다사26004600,926125,1946125,2,17,18,1,3,119,441,0,0,0,0,0,0,0,0,0,0,0,0,0,0,0,0,0,0,0,0,0,0,0,0,0,3.05,0,0,0,0,0,0
20240327,다사24754625,924875,1946375,2,다사24254550,924375,1945625,0,10,10,1,7,295,174,0,0,0,0,0,0,0,0,0,3.04,0,0,0,0,0,0,0,0,0,0,0,0,0,0,0,0,0,0,0,0,0,0
20240331,다사38254175,938375,1941875,0,다사38754125,938875,1941375,2,7,7,1,3,197,176,0,0,0,0,0,0,0,0,0,0,0,0,3.41,0,0,0,0,0,0,0,0,0,0,0,0,0,0,0,0,0,0,0
20240318,다사60007975,960125,1979875,1,다사60508075,960625,1980875,2,15,16,1,3,378,323,0,0,0,0,0,0,0,0,0,0,0,0,0,0,0,0,0,0,0,0,0,0,0,0,0,3.2,0,0,0,0,0,0
20240306,다사24503900,924625,1939125,2,다사24753875,924875,1938875,1,6,6,1,1,103,39,0,0,0,0,0,0,0,0,0,0,0,0,0,0,0,0,0,3.5,0,0,0,0,0,0,0,0,0,0,0,0,0,0
20240322,다사35256575,935375,1965875,0,다사35006600,935125,1966125,2,0,0,1,3,72,25,0,0,0,0,0,0,0,0,0,0,0,0,0,0,0,0,0,0,0,0,0,0,0,0,4.39,0,0,0,0,0,0,0
20240331,다사51753125,951875,1931375,2,다사52003150,952125,1931625,0,11,11,1,7,103,202,0,0,0,0,0,0,0,0,0,0,0,0,0,0,0,0,0,0,0,0,0,0,0,0,0,0,0,3.5,0,0,0,0
20240327,다사43252650,943375,1926625,2,다사42502625,942625,1926375,0,8,8,1,7,173,33,0,0,0,0,0,0,0,0,0,0,0,0,0,0,0,0,0,0,0,0,0,0,0,0,0,0,0,0,0,3.5,0,0
20240315,다사51504400,951625,1944125,0,다사52254375,952375,1943875,0,11,11,1,7,254,106,0,0,0,0,0,0,0,0,0,0,0,0,3.7,0,0,0,0,0,0,0,0,0,0,0,0,0,0,0,0,0,0,0
20240319,다사60752000,960875,1920125,2,다사58001950,958125,1919625,0,10,11,1,7,774,485,0,0,0,0,0,0,0,0,0,0,0,0,0,0,0,0,0,0,0,0,0,0,3.62,0,0,0,0,0,0,0,0,0
20240316,다사55501850,955625,1918625,4,다사63001825,963125,1918375,2,16,17,1,3,2158,496,3.5,0,0,0,0,0,0,0,0,0,0,0,0,0,0,0,0,0,0,0,0,0,0,0,0,0,0,0,0,0,0,0
20240330,다사48504450,948625,1944625,0,다바66256550,966375,1865625,2,19,21,1,3,21246,2156,0,0,0,0,0,0,0,0,0,0,3.81,0,0,0,0,0,0,0,0,0,0,0,0,0,0,0,0,0,0,0,0,0
20240313,다사78002625,978125,1926375,2,다사77253075,977375,1930875,0,9,9,1,7,1278,178,0,0,0,0,0,0,0,0,0,0,0,3.5,0,0,0,0,0,0,0,0,0,0,0,0,0,0,0,0,0,0,0,0
20240321,다사62002425,962125,1924375,0,다사63752550,963875,1925625,0,11,12,1,7,590,941,0,0,0,0,0,0,0,0,0,0,0,0,0,0,0,0,0,0,0,0,0,0,3.63,0,0,0,0,0,0,0,0,0
20240301,다사31254350,931375,1943625,0,다사25503975,925625,1939875,2,15,15,1,3,1634,663,0,0,0,0,0,0,0,0,0,0,0,0,0,0,0,0,0,0,0,0,0,0,0,0,0,0,4.21,0,0,0,0,0
20240306,다사34256625,934375,1966375,2,다사34006400,934125,1964125,1,8,8,1,1,713,482,0,0,0,0,0,3.11,0,0,0,0,0,0,0,0,0,0,0,0,0,0,0,0,0,0,0,0,0,0,0,0,0,0
20240326,다사56252250,956375,1922625,2,다사56502225,956625,1922375,0,4,4,1,7,44,1016,0,0,0,0,0,0,0,0,0,0,0,0,0,0,0,0,0,0,0,0,0,0,0,0,3.19,0,0,0,0,0,0,0
20240317,다사66001225,966125,1912375,2,다사47251075,947375,1910875,0,13,17,1,7,5087,3998,0,0,0,0,0,0,0,0,0,0,0,0,0,0,0,0,0,0,0,0,0,0,3.68,0,0,0,0,0,0,0,0,0
20240303,다사58005300,958125,1953125,2,다사59504950,959625,1949625,0,15,15,1,7,1175,308,0,0,0,0,3.22,0,0,0,0,0,0,0,0,0,0,0,0,0,0,0,0,0,0,0,0,0,0,0,0,0,0,0
20240307,다사37757000,937875,1970125,0,다사37757250,937875,1972625,2,15,15,1,3,648,94,0,0,0,0,0,0,0,0,0,3.55,0,0,0,0,0,0,0,0,0,0,0,0,0,0,0,0,0,0,0,0,0,0
20240306,다바66008775,966125,1887875,2,다바63258850,963375,1888625,1,7,7,1,1,882,219,0,0,0,0,0,0,0,0,3.36,0,0,0,0,0,0,0,0,0,0,0,0,0,0,0,0,0,0,0,0,0,0,0
20240330,다사31752875,931875,1928875,2,다사16751900,916875,1919125,0,9,13,1,7,4750,3613,0,0,0,0,0,0,0,0,0,0,3.75,0,0,0,0,0,0,0,0,0,0,0,0,0,0,0,0,0,0,0,0,0
20240329,다사32004275,932125,1942875,0,다사32004300,932125,1943125,2,0,0,1,3,63,61,0,0,0,0,0,0,0,0,0,0,0,0,0,0,0,0,0,0,0,0,0,0,0,3.53,0,0,0,0,0,0,0,0
20240324,다사67255050,967375,1950625,2,다사67005000,967125,1950125,0,9,12,1,7,122,2596,0,0,0,0,0,0,0,0,0,0,0,0,4.05,0,0,0,0,0,0,0,0,0,0,0,0,0,0,0,0,0,0,0
20240320,다사66253400,966375,1934125,2,다바78753400,978875,1834125,0,7,9,1,7,23173,1622,0,0,0,0,0,0,0,4.34,0,0,0,0,0,0,0,0,0,0,0,0,0,0,0,0,0,0,0,0,0,0,0,0
20240326,다사50752750,950875,1927625,1,다사49752650,949875,1926625,2,15,15,1,3,348,64,0,0,0,0,0,0,0,0,0,0,0,0,0,0,0,0,0,0,0,0,0,0,0,0,0,0,3.76,0,0,0,0,0
20240322,다사61756225,961875,1962375,1,다사61255975,961375,1959875,2,20,21,1,3,821,886,0,0,0,0,0,0,0,0,0,0,0,0,0,0,0,0,0,0,0,0,0,0,0,0,3.24,0,0,0,0,0,0,0
20240314,다사48754775,948875,1947875,2,다사50004725,950125,1947375,1,8,8,1,2,348,342,0,0,0,0,0,0,0,0,0,0,0,0,0,0,0,0,3.5,0,0,0,0,0,0,0,0,0,0,0,0,0,0,0
20240318,다사61755025,961875,1950375,2,라사24008625,1024125,1986375,0,5,6,1,7,20313,1670,0,0,0,0,0,0,0,0,0,0,0,0,0,0,0,0,0,0,0,0,0,0,0,0,3.54,0,0,0,0,0,0,0
20240319,다사61006000,961125,1960125,2,다사61006175,961125,1961875,1,8,8,1,1,525,116,0,0,0,0,0,0,0,0,0,0,0,0,0,0,0,0,0,0,0,0,0,0,0,0,3.24,0,0,0,0,0,0,0
20240308,다사60757200,960875,1972125,0,다사31004425,931125,1944375,0,11,13,1,7,9864,1376,0,0,0,0,0,0,0,0,0,0,0,0,0,0,0,0,0,0,0,0,0,0,0,0,0,0,0,0,0,0,0,0
20240312,다사49254700,949375,1947125,1,다사45254875,945375,1948875,2,18,19,1,3,1138,641,0,0,0,0,0,0,3.86,0,0,0,0,0,0,0,0,0,0,0,0,0,0,0,0,0,0,0,0,0,0,0,0,0
20240313,다사62756125,962875,1961375,1,다사62756225,962875,1962375,2,22,23,1,3,287,104,0,0,0,0,0,0,0,0,0,0,0,0,0,0,0,0,0,3.5,0,0,0,0,0,0,0,0,0,0,0,0,0,0
20240323,다사67504825,967625,1948375,2,다사67504750,967625,1947625,1,11,11,1,1,272,132,0,0,0,0,0,0,0,0,0,3.04,0,0,0,0,0,0,0,0,0,0,0,0,0,0,0,0,0,0,0,0,0,0
20240310,다사55254475,955375,1944875,0,다사56254525,956375,1945375,2,13,13,1,3,277,194,0,0,0,0,0,0,0,0,0,0,0,0,0,0,0,0,0,0,0,0,0,0,0,0,0,0,0,0,0,3.79,0,0
20240307,다사30504500,930625,1945125,0,다사30004700,930125,1947125,2,22,23,1,3,559,538,0,0,0,0,0,0,0,0,0,0,0,0,0,0,0,0,3.6,0,0,0,0,0,0,0,0,0,0,0,0,0,0,0
20240326,다사46254325,946375,1943375,1,다사46004425,946125,1944375,0,17,17,1,7,281,39,0,3.5,0,0,0,0,0,0,0,0,0,0,0,0,0,0,0,0,0,0,0,0,0,0,0,0,0,0,0,0,0,0
20240312,다사60752450,960875,1924625,2,다사54004275,954125,1942875,1,6,7,1,1,5182,940,0,0,0,0,0,0,0,0,0,0,0,0,0,0,0,0,0,0,0,0,0,0,0,0,0,3.75,0,0,0,0,0,0
20240308,다사26004750,926125,1947625,2,다사24253625,924375,1936375,0,14,15,1,7,2648,835,0,0,0,0,0,0,0,0,0,0,0,0,0,0,0,0,0,0,0,0,0,0,0,0,0,0,0,0,0,4.24,0,0
20240310,다사31254900,931375,1949125,2,다사31504925,931625,1949375,0,9,9,1,7,127,12,0,0,0,0,0,0,0,0,0,0,0,0,0,0,0,0,0,0,0,0,0,0,0,3.62,0,0,0,0,0,0,0,0
20240308,다사71756825,971875,1968375,2,다사71506800,971625,1968125,0,21,21,1,7,112,25,0,0,0,0,0,0,0,3.61,0,0,0,0,0,0,0,0,0,0,0,0,0,0,0,0,0,0,0,0,0,0,0,0
20240319,다사50753250,950875,1932625,2,라바11259200,1011375,1892125,0,7,10,1,7,23873,3550,0,0,0,0,0,0,0,0,0,3.05,0,0,0,0,0,0,0,0,0,0,0,0,0,0,0,0,0,0,0,0,0,0
20240309,다사29504275,929625,1942875,2,다사30754300,930875,1943125,0,10,11,1,7,361,741,0,0,0,0,0,0,0,0,0,0,0,0,0,0,0,0,0,0,0,0,0,0,0,0,0,0,3.42,0,0,0,0,0
20240312,다사54001050,954125,1910625,1,다사49752900,949875,1929125,0,17,18,1,7,5693,1628,0,0,0,0,0,0,0,0,0,0,0,0,0,0,0,0,0,0,0,0,0,0,3.36,0,0,0,0,0,0,0,0,0
20240322,다사41006200,941125,1962125,2,다사46756700,946875,1967125,0,13,15,1,7,2359,1762,0,0,0,0,0,0,0,0,0,0,0,0,0,0,0,0,0,0,0,0,0,0,0,0,0,0,0,3.17,0,0,0,0
20240307,다사47505050,947625,1950625,2,다사47255075,947375,1950875,0,12,12,1,7,98,308,0,0,0,0,0,0,0,0,0,0,0,0,0,0,0,0,0,0,0,0,0,0,0,0,0,0,0,3.26,0,0,0,0
20240315,다사57751600,957875,1916125,2,다사52750825,952875,1908375,1,7,10,1,1,2561,2234,0,0,0,0,0,0,0,0,0,0,3.6,0,0,0,0,0,0,0,0,0,0,0,0,0,0,0,0,0,0,0,0,0
20240319,다사53252000,953375,1920125,2,다사53251975,953375,1919875,0,16,16,1,7,88,96,0,0,0,0,0,0,0,0,0,0,0,0,0,0,0,0,0,0,0,0,0,0,0,0,0,0,0,0,0,0,0,0
20240315,다바93252800,993375,1828125,2,다사39502600,939625,1926125,0,7,11,1,7,27334,3741,0,0,0,0,0,0,0,0,0,0,0,0,0,0,0,0,0,0,0,0,0,0,0,0,0,0,0,4.09,0,0,0,0
20240325,다사40502475,940625,1924875,1,다사44502175,944625,1921875,2,17,19,1,3,1150,1616,0,0,0,0,0,0,0,4.33,0,0,0,0,0,0,0,0,0,0,0,0,0,0,0,0,0,0,0,0,0,0,0,0
20240331,다사55252350,955375,1923625,0,다사54502200,954625,1922125,1,12,12,1,1,563,363,0,0,0,0,0,0,0,0,0,0,0,0,0,0,0,0,0,0,0,0,0,0,0,0,0,0,0,0,3.14,0,0,0
20240316,다사66002475,966125,1924875,0,다사57251625,957375,1916375,2,17,18,1,3,2891,633,0,0,0,0,0,4.22,0,0,0,0,0,0,0,0,0,0,0,0,0,0,0,0,0,0,0,0,0,0,0,0,0,0
20240316,다사51505000,951625,1950125,2,다사51004900,951125,1949125,1,9,9,1,1,295,119,0,0,0,0,0,0,0,0,0,0,0,0,0,0,0,0,0,0,0,0,0,3.34,0,0,0,0,0,0,0,0,0,0
20240321,다사73507125,973625,1971375,0,다사73756625,973875,1966375,0,20,20,1,7,1370,86,0,0,0,0,0,0,3.66,0,0,0,0,0,0,0,0,0,0,0,0,0,0,0,0,0,0,0,0,0,0,0,0,0
20240319,다사99251300,999375,1913125,1,다사95752050,995875,1920625,2,22,22,1,3,2422,204,0,0,0,0,0,0,0,0,0,0,0,0,0,0,0,0,0,0,0,0,0,0,0,0,0,0,0,0,0,0,0,0
20240329,다사56505450,956625,1954625,2,다사46504675,946625,1946875,1,7,8,1,2,3250,804,0,0,0,0,0,0,0,0,0,0,0,0,0,0,0,0,0,0,0,0,0,0,0,0,0,0,0,0,0,0,0,0
20240320,다사47004250,947125,1942625,2,다사47004425,947125,1944375,0,4,4,2,7,502,41,0,0,0,0,0,0,0,0,0,0,3.5,0,0,0,0,0,0,0,0,0,0,0,0,0,0,0,0,0,0,0,0,0
20240306,다사42002275,942125,1922875,0,다사43502175,943625,1921875,1,12,14,1,1,402,1103,0,0,0,0,0,0,0,0,0,0,0,0,0,0,0,0,0,0,0,0,0,0,4.46,0,0,0,0,0,0,0,0,0
20240302,다사61004600,961125,1946125,3,다사50751900,950875,1919125,2,18,21,1,3,8228,2192,0,0,0,0,0,0,0,0,0,0,0,0,0,0,0,0,3.5,0,0,0,0,0,0,0,0,0,0,0,0,0,0,0
20240322,다사36253825,936375,1938375,0,다사31503100,931625,1931125,2,11,12,1,3,2484,314,0,0,0,0,0,0,0,0,0,0,0,0,0,0,0,0,0,0,0,0,0,0,0,0,3.5,0,0,0,0,0,0,0
20240329,다사49254750,949375,1947625,0,다사39504075,939625,1940875,2,13,15,1,3,3163,1344,0,0,0,0,0,0,0,0,0,0,0,0,0,0,0,0,0,0,0,0,0,0,3.75,0,0,0,0,0,0,0,0,0
20240322,다사28256900,928375,1969125,1,다사44254125,944375,1941375,2,18,19,1,3,10371,1568,0,0,0,0,0,0,0,0,3.11,0,0,0,0,0,0,0,0,0,0,0,0,0,0,0,0,0,0,0,0,0,0,0
20240309,다사41754850,941875,1948625,0,다사41504825,941625,1948375,2,13,21,1,3,80,8187,0,0,0,0,0,0,0,3.63,0,0,0,0,0,0,0,0,0,0,0,0,0,0,0,0,0,0,0,0,0,0,0,0
20240329,다사51503250,951625,1932625,1,다사48003350,948125,1933625,2,22,22,1,3,1152,933,0,0,0,0,0,3.16,0,0,0,0,0,0,0,0,0,0,0,0,0,0,0,0,0,0,0,0,0,0,0,0,0,0
20240309,다사24254000,924375,1940125,0,다사24254025,924375,1940375,2,5,5,1,3,138,58,0,0,0,0,0,0,0,0,0,0,3.04,0,0,0,0,0,0,0,0,0,0,0,0,0,2.48,0,0,0,0,0,0,0
20240304,다사52005125,952125,1951375,2,다사55755375,955875,1953875,0,9,10,1,7,999,691,0,0,0,0,0,0,0,0,0,0,0,0,0,0,0,0,0,0,0,0,0,0,0,0,4.36,0,0,0,0,0,0,0
20240323,다사58004975,958125,1949875,0,다사59504750,959625,1947625,0,17,18,1,7,904,272,0,0,0,0,0,0,0,0,0,0,0,0,0,0,0,0,0,0,0,0,0,3.1,0,0,0,0,0,0,0,0,0,0
20240316,다사30755775,930875,1957875,0,다사32005675,932125,1956875,1,21,21,1,7,452,106,0,0,0,0,0,0,0,0,0,0,0,0,0,0,0,0,0,3.5,0,0,0,0,0,0,0,0,0,0,0,0,0,0
20240321,다사59005725,959125,1957375,0,다사54254200,954375,1942125,0,11,12,1,7,4546,1168,0,0,0,0,0,0,0,0,0,0,0,0,0,3.5,0,0,0,0,0,0,0,0,0,0,0,0,0,0,0,0,0,0
20240325,다사77256100,977375,1961125,1,다사73505850,973625,1958625,0,11,11,1,7,1335,22,0,0,0,0,3.44,0,0,0,0,0,0,0,0,0,0,0,0,0,0,0,0,0,0,0,0,0,0,0,0,0,0,0
20240331,다사28254050,928375,1940625,2,다사28254050,928375,1940625,0,22,23,1,7,45,973,0,0,0,0,0,3.17,0,0,0,0,0,0,0,0,0,0,0,0,0,0,0,0,0,0,0,0,0,0,0,0,0,0
20240307,다사35005525,935125,1955375,0,다사39755275,939875,1952875,0,10,14,1,7,1489,4414,0,0,0,0,0,0,0,0,0,0,0,0,0,0,0,0,0,0,0,0,0,0,3.53,0,0,0,0,0,0,0,0,0
20240303,다사58002175,958125,1921875,1,다사58751975,958875,1919875,2,21,21,1,3,730,575,0,0,0,0,0,0,0,0,0,0,0,0,0,0,0,0,0,0,0,0,0,0,0,3.06,0,0,0,0,0,0,0,0
20240311,다사38253700,938375,1937125,1,다사37253850,937375,1938625,2,23,23,1,3,505,21,0,0,0,0,0,0,0,0,0,0,0,0,0,0,0,0,0,0,0,0,0,0,0,0,0,0,0,0,0,0,0,0
20240308,다사30756975,930875,1969875,2,다사47754575,947875,1945875,0,11,13,1,7,7106,1584,0,0,0,0,0,0,0,0,0,0,0,0,0,0,0,0,0,0,0,0,0,0,0,0,4.13,0,0,0,0,0,0,0
20240302,다사18251875,918375,1918875,0,다사31504675,931625,1946875,2,17,18,1,3,8832,1722,0,0,0,0,0,0,0,0,0,0,0,0,0,0,0,0,0,0,0,0,0,0,0,0,0,0,3.5,0,0,0,0,0
20240308,다사39502775,939625,1927875,0,다사38752750,938875,1927625,2,19,19,1,3,194,41,0,3.5,0,0,0,0,0,0,0,0,0,0,0,0,0,0,0,0,0,0,0,0,0,0,0,0,0,0,0,0,0,0
20240310,다사43754900,943875,1949125,0,다사43004600,943125,1946125,2,18,18,1,3,850,855,0,0,0,0,0,0,0,0,0,0,0,0,0,0,0,0,0,0,0,0,0,0,3.5,0,0,0,0,0,0,0,0,0
20240326,다사62008150,962125,1981625,2,다사59258400,959375,1984125,1,10,10,1,1,1074,294,0,0,0,0,0,0,0,0,0,0,0,0,0,0,0,0,0,0,0,0,0,0,0,0,0,0,3.52,0,0,0,0,0
20240310,다사47254800,947375,1948125,0,다사45254925,945375,1949375,2,10,10,1,3,560,204,0,0,0,0,0,0,0,0,0,0,0,0,0,0,0,0,0,0,0,0,0,0,0,4.46,0,0,0,0,0,0,0,0
20240322,다사65502025,965625,1920375,1,다사65502025,965625,1920375,2,21,21,1,3,43,35,0,3.5,0,0,0,0,0,0,0,0,0,0,0,0,0,0,0,0,0,0,0,0,0,0,0,0,0,0,0,0,0,0
20240330,다사48505725,948625,1957375,0,다사48255425,948375,1954375,0,18,18,1,7,758,265,0,0,0,0,0,0,4.09,0,0,0,0,0,0,0,0,0,0,0,0,0,0,0,0,0,0,0,0,0,0,0,0,0
20240314,라사13001675,1013125,1916875,0,라사43002575,1043125,1925875,2,14,16,1,3,8818,1949,0,0,0,0,0,0,3.54,0,0,0,0,0,0,0,0,0,0,0,0,0,0,0,0,0,0,0,0,0,0,0,0,0
20240317,다바67259050,967375,1890625,0,다바63008775,963125,1887875,2,13,14,1,3,1680,662,0,0,0,3.1,0,0,0,0,0,0,0,0,0,0,0,0,0,0,0,0,0,0,0,0,0,0,0,0,0,0,0,0
20240303,다사22504550,922625,1945625,0,다사26254775,926375,1947875,0,15,15,1,7,1152,563,0,0,0,3.64,0,0,0,0,0,0,0,0,0,0,0,0,0,0,0,0,0,0,0,0,0,0,0,0,0,0,0,0
20240330,다사25753925,925875,1939375,2,다사26253950,926375,1939625,0,14,14,1,7,106,6,0,0,0,0,0,0,0,0,0,0,0,0,0,0,0,0,0,0,0,0,0,0,0,0,0,0,4.21,0,0,0,0,0
20240320,다사59505925,959625,1959375,2,다사57256075,957375,1960875,0,11,11,1,7,652,310,0,0,0,0,0,0,0,0,0,0,0,0,0,0,0,0,0,0,0,0,0,0,0,0,4.3,0,0,0,0,0,0,0
20240311,다사67003875,967125,1938875,0,다사67253800,967375,1938125,0,18,18,1,7,225,72,0,0,0,0,0,0,0,0,0,0,0,0,0,0,0,0,0,4.37,0,0,0,0,0,0,0,0,0,0,0,0,0,0
20240313,다사30755650,930875,1956625,0,다사57505800,957625,1958125,0,10,12,1,7,6782,1564,0,0,0,0,0,0,0,0,0,3.97,0,0,0,0,0,0,0,0,0,0,0,0,0,0,0,0,0,0,0,0,0,0
20240314,다사63506050,963625,1960625,2,다사61756100,961875,1961125,0,9,9,1,7,536,120,0,0,0,0,0,0,0,0,0,0,0,0,0,0,0,0,0,0,0,0,0,0,0,0,3.19,0,0,0,0,0,0,0
20240323,다사67003700,967125,1937125,0,다사70004000,970125,1940125,2,6,6,1,3,1354,127,0,0,0,0,0,0,0,0,0,0,0,0,0,0,0,0,0,0,0,0,0,0,0,0,0,0,0,0,0,0,0,0
20240322,다사64252650,964375,1926625,2,다사66502575,966625,1925875,1,10,10,1,1,787,432,0,0,0,0,0,0,0,0,0,0,0,0,0,0,0,0,0,0,0,0,0,0,0,0,3.29,0,0,0,0,0,0,0
20240323,다사69504300,969625,1943125,0,다사69004400,969125,1944125,2,11,12,1,3,285,31,0,0,0,0,0,0,0,0,0,0,0,0,0,0,0,0,0,0,0,3.76,0,0,0,0,0,0,0,0,0,0,0,0
20240315,다사60508850,960625,1988625,2,다사60758825,960875,1988375,0,18,18,1,7,103,50,0,0,0,0,0,0,0,0,0,0,0,0,0,0,0,0,0,0,0,0,0,0,0,0,0,0,0,0,3.5,0,0,0
20240306,다사65501175,965625,1911875,0,다사65751050,965875,1910625,2,20,21,1,3,353,45,0,0,3.5,0,0,0,0,0,0,0,0,0,0,0,0,0,0,0,0,0,0,0,0,0,0,0,0,0,0,0,0,0
20240307,다사52502425,952625,1924375,2,다사55002175,955125,1921875,1,7,7,1,1,963,231,0,0,0,0,0,0,0,0,0,0,3.74,0,0,0,0,0,0,0,0,0,0,0,0,0,0,0,0,0,0,0,0,0
20240331,다사50254425,950375,1944375,2,다사62004825,962125,1948375,0,9,10,1,7,3073,794,0,0,0,0,0,0,0,4.03,0,0,0,0,0,0,0,0,0,0,0,0,0,0,0,0,0,0,0,0,0,0,0,0
20240311,다사39004050,939125,1940625,0,다사38754050,938875,1940625,2,19,20,1,3,90,926,0,0,0,0,0,0,0,0,0,0,0,0,0,0,0,0,0,0,0,0,0,0,0,0,0,0,0,0,0,0,0,0
20240320,다사48005225,948125,1952375,1,다사61254475,961375,1944875,2,13,14,1,3,4181,1021,0,0,0,0,0,0,0,3.62,0,0,0,0,0,0,0,0,0,0,0,0,0,0,0,0,0,0,0,0,0,0,0,0
20240304,다사43256750,943375,1967625,0,다사42256650,942375,1966625,2,23,23,1,3,404,31,0,0,0,0,0,0,0,0,0,0,0,3.68,0,0,0,0,0,0,0,0,0,0,0,0,0,0,0,0,0,0,0,0
20240329,다사41754925,941875,1949375,2,다사51504950,951625,1949625,1,7,8,1,2,3288,1032,0,0,0,2.5,0,0,0,0,0,0,0,0,0,0,0,0,0,0,0,3.48,0,0,0,0,0,0,0,0,0,0,0,0
20240326,다사63007725,963125,1977375,2,다사62507700,962625,1977125,0,8,8,1,7,181,69,0,0,0,0,0,0,0,0,0,0,0,0,0,0,0,0,0,0,0,0,0,0,3.6,0,0,0,0,0,0,0,0,0
20240311,다사58504350,958625,1943625,1,다사65753100,965875,1931125,2,19,20,1,3,4427,685,0,0,0,0,0,0,0,0,0,0,0,0,0,0,0,0,0,0,0,0,3.29,0,0,0,0,0,0,0,0,0,0,0
20240326,다사36506050,936625,1960625,0,다사35006700,935125,1967125,2,12,13,1,3,1920,688,0,0,0,0,0,0,0,0,0,0,0,0,0,0,0,0,0,0,0,3.5,0,0,0,0,0,0,0,0,0,0,0,0
20240306,다사53001275,953125,1912875,0,다사59504650,959625,1946625,0,14,15,1,7,8949,986,0,0,0,0,0,0,0,0,0,0,0,0,0,0,0,0,0,0,0,0,0,3.85,0,0,0,0,0,0,0,0,0,0
20240308,다사62505425,962625,1954375,2,다사62755450,962875,1954625,1,10,10,1,1,105,6,0,0,0,0,0,0,0,0,0,0,0,0,0,0,0,0,0,0,0,0,0,0,0,0,0,0,0,0,4.08,0,0,0
20240302,다사80759325,980875,1993375,2,다사77759675,977875,1996875,0,9,9,1,7,1221,100,0,0,0,0,0,0,0,0,0,0,0,3.69,0,0,0,0,0,0,0,0,0,0,0,0,0,0,0,0,0,0,0,0
20240311,다사30753725,930875,1937375,0,다사30754550,930875,1945625,0,18,18,1,7,2568,716,0,0,0,0,0,0,0,3.25,0,0,0,0,0,0,0,0,0,0,0,0,0,0,0,0,0,0,0,0,0,0,0,0
20240312,다사51503425,951625,1934375,0,다사53752725,953875,1927375,0,19,19,1,7,2006,5,0,0,0,0,0,0,0,0,0,0,0,0,3.63,0,0,0,0,0,0,0,0,0,0,0,0,0,0,0,0,0,0,0
20240327,다사62254850,962375,1948625,2,다사61754850,961875,1948625,0,13,13,1,7,106,14,0,0,3.81,0,0,0,0,0,0,0,0,0,0,0,0,0,0,0,0,0,0,0,0,0,0,0,0,0,0,0,0,0
20240311,다사60006725,960125,1967375,1,다사57255725,957375,1957375,2,16,19,1,3,2855,2731,0,0,0,0,0,0,0,3.64,0,0,0,0,0,0,0,0,0,0,0,0,0,0,0,0,0,0,0,0,0,0,0,0
20240308,다사41505950,941625,1959625,2,다사46756150,946875,1961625,0,11,13,1,7,1609,2323,0,0,0,0,0,0,0,0,0,0,0,0,0,0,0,0,0,0,0,0,0,0,3.61,0,0,0,0,0,0,0,0,0
20240325,다사44754075,944875,1940875,2,다사46004550,946125,1945625,0,9,9,1,7,1487,742,0,0,0,0,0,0,0,0,0,0,0,0,0,0,0,0,0,0,0,0,0,0,3.28,0,0,0,0,0,0,0,0,0
20240325,다사53751325,953875,1913375,2,다사53751350,953875,1913625,0,6,6,1,7,89,16,0,0,0,0,0,0,0,0,0,0,0,0,0,0,0,0,0,0,0,0,0,0,0,0,0,0,0,0,0,0,0,0
20240304,다사69005875,969125,1958875,2,다사55754200,955875,1942125,0,7,9,1,7,6753,1792,0,0,0,0,0,0,3.17,0,0,0,0,0,0,0,0,0,0,0,0,0,0,0,0,0,0,0,0,0,0,0,0,0
20240319,다사62001275,962125,1912875,1,다사58501625,958625,1916375,2,17,18,1,3,1468,929,0,0,0,3.4,0,0,0,0,0,0,0,0,0,0,0,0,0,0,0,0,0,0,0,0,0,0,0,0,0,0,0,0
20240324,다사47505400,947625,1954125,2,다사46255125,946375,1951375,0,20,20,1,7,831,431,0,0,0,0,0,0,0,0,0,0,3.5,0,0,0,0,0,0,0,0,0,0,0,0,0,0,0,0,0,0,0,0,0
20240311,다사58756025,958875,1960375,0,다사59256025,959375,1960375,2,12,12,1,3,118,134,0,0,0,0,0,0,0,0,0,0,0,0,0,0,0,0,0,0,0,0,0,0,0,0,3.82,0,0,0,0,0,0,0
20240301,다사37003775,937125,1937875,2,다사36253825,936375,1938375,0,16,17,1,7,212,342,0,0,0,0,0,0,0,0,3.93,0,0,0,0,0,0,0,0,0,0,0,0,0,0,0,0,0,0,0,0,0,0,0
20240307,다사58754650,958875,1946625,1,다사42505200,942625,1952125,2,18,19,1,3,5418,1364,0,0,0,0,0,0,0,0,0,0,0,0,0,0,0,0,0,0,0,0,0,0,3.19,0,0,0,0,0,0,0,0,0
20240328,다사27004475,927125,1944875,0,다사23754900,923875,1949125,2,20,21,1,3,1449,463,0,0,0,0,0,0,3.71,0,0,0,0,0,0,0,0,0,0,0,0,0,0,0,0,0,0,0,0,0,0,0,0,0
20240306,다사32003025,932125,1930375,2,다사31753050,931875,1930625,0,6,6,1,7,80,83,0,0,0,0,0,0,0,0,0,0,0,0,0,0,0,0,0,0,0,0,0,0,0,0,0,0,3.62,0,0,0,0,0
20240315,다사61758950,961875,1989625,0,다사66508800,966625,1988125,0,9,9,1,7,1516,552,0,0,0,0,0,0,0,0,0,0,0,3.4,0,0,0,0,0,0,0,0,0,0,0,0,0,0,0,0,0,0,0,0
20240311,다사37252550,937375,1925625,2,다사33502300,933625,1923125,1,7,7,2,1,1228,417,0,0,0,0,0,0,0,0,0,3.5,0,0,0,0,0,0,0,0,0,0,0,0,0,0,0,0,0,0,0,0,0,0
20240306,다사45004250,945125,1942625,1,다사47504375,947625,1943875,2,18,18,1,3,648,339,0,0,0,0,0,0,0,0,0,0,0,0,0,0,0,0,0,0,0,0,0,4.21,0,0,0,0,0,0,0,0,0,0
20240321,다사72504875,972625,1948875,0,다사66004375,966125,1943875,1,10,10,1,1,2457,659,0,0,0,0,0,0,3.3,0,0,0,0,0,0,0,0,0,0,0,0,0,0,0,0,0,0,0,0,0,0,0,0,0
20240303,다사60006425,960125,1964375,0,다사60006300,960125,1963125,0,11,11,1,7,317,47,0,0,0,0,0,0,0,0,0,0,0,0,0,0,0,0,0,0,4.1,0,0,0,0,0,0,0,0,0,0,0,0,0
20240319,다사42254475,942375,1944875,2,다사42255000,942375,1950125,0,12,12,1,7,1497,530,0,0,0,0,0,0,0,0,0,0,0,3.38,0,0,0,0,0,0,0,0,0,0,0,0,0,0,0,0,0,0,0,0
20240305,다사92000375,992125,1903875,0,다바61009650,961125,1896625,3,14,15,1,7,7966,1692,0,0,0,0,0,0,0,0,0,0,0,0,0,0,0,0,0,0,0,0,0,0,0,0,3.99,0,0,0,0,0,0,0
20240302,다사61505025,961625,1950375,0,다사60755450,960875,1954625,0,15,16,1,7,1211,1723,0,0,0,0,0,0,0,3.63,0,0,0,0,0,0,0,0,0,0,0,0,0,0,0,0,0,0,0,0,0,0,0,0
20240307,다사41505125,941625,1951375,0,다사62506125,962625,1961375,2,21,22,1,3,6609,1091,0,0,0,0,0,0,0,3.5,0,0,0,0,0,0,0,0,0,0,0,0,0,0,0,0,0,0,0,0,0,0,0,0
20240315,다사62004400,962125,1944125,0,다사62754800,962875,1948125,2,10,11,1,3,1144,947,0,0,0,0,0,0,0,0,0,0,0,0,0,0,0,0,0,0,0,0,0,0,0,3.58,0,0,0,0,0,0,0,0
20240302,다사62001700,962125,1917125,0,다사60751650,960875,1916625,0,18,18,1,7,400,55,0,0,0,0,0,0,0,3.53,0,0,0,0,0,0,0,0,0,0,0,0,0,0,0,0,0,0,0,0,0,0,0,0
20240325,다사67004200,967125,1942125,2,다사59751650,959875,1916625,1,6,7,1,1,7899,1584,0,0,0,0,0,0,0,0,0,3.36,0,0,0,0,0,0,0,0,0,0,0,0,0,0,0,0,0,0,0,0,0,0
20240322,다사67004850,967125,1948625,0,다사50504300,950625,1943125,2,12,13,1,3,5577,1247,0,0,0,0,0,0,0,0,0,0,0,0,0,0,0,0,0,0,0,0,0,0,0,0,0,0,0,0,0,0,0,0
20240315,다사49003350,949125,1933625,2,다사49753550,949875,1935625,0,14,16,1,7,565,1757,0,0,0,0,0,0,0,0,0,0,0,0,0,0,0,0,0,0,3.5,0,0,0,0,0,0,0,0,0,0,0,0,0
20240313,다사62252200,962375,1922125,2,다사61754900,961875,1949125,0,8,9,1,7,7976,1532,0,0,0,0,0,0,0,0,0,0,0,0,0,0,0,0,0,0,0,0,0,0,0,0,3.4,0,0,0,0,0,0,0
20240321,다사49753350,949875,1933625,0,다사50253375,950375,1933875,2,18,19,1,3,151,280,0,0,0,0,0,0,0,0,0,0,0,0,0,0,0,0,0,0,0,0,0,0,0,3.99,0,0,0,0,0,0,0,0
20240320,다사47504050,947625,1940625,2,다사46254125,946375,1941375,1,7,8,1,1,522,674,0,0,0,0,0,3,0,0,0,0,0,0,0,0,0,0,0,0,0,0,0,0,0,0,0,0,0,0,0,0,0,0
20240329,다사53501600,953625,1916125,1,다사53001575,953125,1915875,0,11,12,1,7,165,66,0,0,0,0,0,0,0,0,0,0,0,0,0,0,0,0,0,0,0,0,0,0,4.33,0,0,0,0,0,0,0,0,0
20240304,다사58751700,958875,1917125,1,다사58751675,958875,1916875,0,12,12,1,7,90,202,0,0,0,0,0,0,0,0,0,0,0,0,0,0,0,0,3.5,0,0,0,0,0,0,0,0,4.37,0,0,0,0,0,0
20240306,다사25755750,925875,1957625,0,다사25505600,925625,1956125,2,20,20,2,3,416,198,0,0,0,0,0,0,0,0,0,0,0,0,0,0,0,0,0,0,0,0,0,0,0,0,3.5,0,0,0,0,0,0,0
20240328,다사43755100,943875,1951125,1,다사56755275,956875,1952875,2,17,18,1,3,6297,1812,0,0,0,0,0,0,4.16,0,0,0,0,0,0,0,0,0,0,0,0,0,0,0,0,0,0,0,0,0,0,0,0,0
20240314,다사67755475,967875,1954875,2,다사67255350,967375,1953625,0,8,8,1,7,409,5,0,0,0,0,0,0,0,0,0,0,0,0,0,0,0,0,3.5,0,0,0,0,0,0,0,0,0,0,0,0,0,0,0
20240318,다사64000800,964125,1908125,2,다사63500750,963625,1907625,0,1,1,1,7,166,79,0,0,0,0,0,0,0,0,0,0,0,0,0,0,0,0,0,0,0,0,0,0,3.82,0,0,0,0,0,0,0,0,0
20240302,다사50254500,950375,1945125,0,다사49754400,949875,1944125,2,6,7,1,3,358,353,0,0,0,0,0,0,0,0,0,0,0,0,0,0,0,0,0,0,0,0,0,0,0,0,0,0,0,0,0,3.5,0,0
20240320,다사60502100,960625,1921125,1,다사61752025,961875,1920375,0,12,12,1,7,417,231,0,0,0,0,0,0,0,0,0,0,0,0,3.43,0,0,0,0,0,0,0,0,0,0,0,0,0,0,0,0,0,0,0
20240312,다사66256800,966375,1968125,2,다사64757150,964875,1971625,0,11,11,1,7,1091,248,0,0,0,0,0,0,0,0,3.38,0,0,0,0,0,0,0,0,0,0,0,0,0,0,0,0,0,0,0,0,0,0,0
20240327,다사74504975,974625,1949875,0,다사73254800,973375,1948125,2,20,21,1,3,667,106,0,0,0,0,0,0,0,3,0,0,0,0,0,0,0,0,0,0,0,0,0,0,0,0,0,0,0,0,0,0,0,0
20240323,다사31753050,931875,1930625,0,다사30252950,930375,1929625,2,14,14,1,3,537,88,0,0,0,0,0,0,0,0,0,0,0,0,0,0,0,3.5,0,0,0,0,0,0,0,0,0,0,0,0,0,0,0,0
20240307,다사38755175,938875,1951875,2,다사38255200,938375,1952125,1,15,15,1,1,159,60,0,0,0,0,0,0,0,3.1,0,0,0,0,0,0,0,0,0,0,0,0,0,0,0,0,0,0,0,0,0,0,0,0
20240306,다사59501775,959625,1917875,2,다사59501775,959625,1917875,0,19,19,1,7,55,73,0,0,0,0,0,0,0,0,0,0,3.16,0,0,0,0,0,0,0,0,0,2.66,0,0,0,7.53,0,0,0,0,0,0,0
20240302,다사35504475,935625,1944875,0,다사34504500,934625,1945125,0,18,19,1,7,390,532,0,0,0,2.57,2.77,0,0,2.49,0,0,0,0,0,0,0,0,0,3.5,0,0,1.19,0,0,0,0,0,0,0,0,0,0,0
20240310,다사43752175,943875,1921875,2,다사43752275,943875,1922875,0,13,13,1,7,286,172,0,0,0,0,3.14,0,0,0,0,0,0,0,0,0,0,0,0,0,0,0,0,0,0,0,0,0,0,0,0,0,0,0
20240317,다사44004650,944125,1946625,0,다사44754650,944875,1946625,2,19,20,1,3,172,986,0,0,0,0,0,0,0,0,0,3.8,0,0,0,0,0,0,0,0,0,0,0,0,0,0,0,0,0,0,0,0,0,0
20240313,다사47254575,947375,1945875,2,다사50255075,950375,1950875,0,10,11,1,7,1910,722,0,0,0,0,3.04,0,0,0,0,0,0,0,0,0,0,0,0,0,0,0,0,0,0,0,0,0,0,0,0,0,0,0
20240317,다사54005125,954125,1951375,1,다사52004350,952125,1943625,2,8,9,1,3,1888,828,0,0,0,0,0,0,0,0,0,0,0,0,0,0,0,0,0,0,0,0,0,0,0,0,0,0,4.22,0,0,0,0,0
20240324,다사44254650,944375,1946625,0,다사44254675,944375,1946875,2,13,13,1,3,58,7,0,0,0,0,0,0,0,0,0,0,0,0,0,0,0,0,0,0,0,0,0,3.54,0,0,0,0,0,0,0,0,0,0
20240304,다사47004550,947125,1945625,0,다사46754550,946875,1945625,2,10,10,1,3,46,44,0,0,0,0,0,0,0,0,0,0,0,0,0,0,0,0,0,0,0,0,0,0,0,3.37,3.13,0,0,0,0,0,0,0
20240330,다사41755800,941875,1958125,2,다사49005775,949125,1957875,0,17,18,1,7,2016,732,0,0,0,0,0,0,0,0,3.5,0,0,0,0,0,0,0,0,0,0,0,0,0,0,0,0,0,0,0,0,0,0,0
20240324,다사55505200,955625,1952125,0,다사55005300,955125,1953125,0,17,17,1,7,480,84,0,0,0,0,0,0,0,0,0,0,0,0,0,0,0,0,0,0,0,0,3.07,2.08,0,0,0,0,0,0,0,0,0,0
20240318,다사65752875,965875,1928875,1,다사63753150,963875,1931625,2,18,18,1,3,1388,485,0,0,0,0,4.6,0,0,0,0,0,0,0,0,0,0,0,0,0,0,0,0,2.51,0,0,0,0,0,0,0,0,0,0
20240307,다사64755850,964875,1958625,0,다사64255625,964375,1956375,2,18,18,1,3,729,428,0,0,0,0,0,0,0,0,3.13,0,0,0,0,0,0,0,0,0,0,0,0,0,0,0,0,0,0,0,0,0,0,0
20240308,다사26504450,926625,1944625,0,다사27254675,927375,1946875,2,20,21,1,3,701,1179,0,0,0,0,0,0,0,0,0,0,0,0,0,0,0,0,0,0,0,0,0,0,0,0,0,0,0,0,0,0,0,0
20240311,다사55004700,955125,1947125,2,다사52504950,952625,1949625,0,9,11,1,7,930,1857,0,0,0,0,0,0,3.73,0,0,0,0,0,0,0,0,0,0,0,0,0,0,0,0,0,0,0,0,0,0,0,0,0
20240321,다사22255500,922375,1955125,0,다사30254075,930375,1940875,2,19,20,1,3,4644,635,0,0,0,0,0,0,0,0,3.5,0,0,0,0,0,0,0,0,0,0,0,0,0,0,0,0,0,0,0,0,0,0,0
20240320,다사31754775,931875,1947875,1,다사32004775,932125,1947875,2,20,21,1,3,57,64,0,0,0,0,0,0,0,0,0,0,0,0,0,0,0,0,0,0,0,0,0,0,0,0,0,0,3.92,0,0,0,0,0
20240324,다사45504725,945625,1947375,0,다사46504525,946625,1945375,2,18,18,1,3,558,729,0,0,0,0,0,0,0,3.77,0,0,0,0,0,0,0,0,0,0,0,0,0,0,0,3.37,0,0,0,0,0,0,0,0
20240329,다사59502025,959625,1920375,1,다사59251925,959375,1919375,2,12,12,2,3,331,81,0,0,0,0,0,0,0,0,0,0,0,0,0,0,0,0,0,3.5,3.5,0,0,0,0,0,0,0,0,0,0,0,0,0
20240309,다사49754975,949875,1949875,2,다사63254325,963375,1943375,5,8,9,1,7,4639,1600,0,0,0,0,0,0,0,0,0,0,0,0,0,0,0,0,0,0,0,0,0,0,0,0,0,0,0,0,0,0,0,0
20240320,다바40509600,940625,1896125,2,다사37502400,937625,1924125,0,6,7,2,7,8038,1069,0,0,0,0,0,0,0,0,0,3.5,0,0,0,0,0,0,0,0,0,0,0,0,0,0,0,0,0,0,0,0,0,0
20240322,다사23256000,923375,1960125,0,다사23506025,923625,1960375,2,9,10,1,3,75,592,0,0,0,0,0,0,0,0,0,3.88,0,0,0,0,0,0,0,0,0,0,0,0,0,0,0,0,0,0,0,0,0,0
20240316,다사45254225,945375,1942375,0,다사31504625,931625,1946375,0,16,16,1,7,3578,524,0,0,0,0,0,0,0,0,0,0,3.96,0,0,0,0,0,0,0,0,0,0,0,0,0,0,0,0,0,0,0,0,0
20240324,다사32005675,932125,1956875,1,다사32255675,932375,1956875,2,21,21,1,3,44,58,0,0,0,0,0,0,0,0,0,0,0,0,0,0,0,0,0,0,0,0,0,0,3.62,0,0,0,0,0,0,0,0,0
20240330,다사51004275,951125,1942875,2,다사51004325,951125,1943375,0,9,9,1,7,87,689,0,0,0,0,0,0,0,0,0,0,0,0,0,3.5,0,0,0,0,0,0,0,0,0,0,0,0,0,0,0,0,0,0
20240315,다사51754575,951875,1945875,0,다사51504575,951625,1945875,2,0,1,1,3,112,519,0,0,0,0,0,0,0,0,0,0,0,0,4.06,0,0,0,0,0,0,0,0,2.64,0,0,0,0,0,0,0,0,0,0
20240304,다사67504800,967625,1948125,2,다사67504775,967625,1947875,0,8,8,1,7,87,467,3.5,0,0,0,0,0,0,0,0,0,0,0,0,0,0,0,0,0,0,0,0,0,0,0,0,0,0,0,0,0,0,0
20240305,다사23756000,923875,1960125,0,다사23506150,923625,1961625,1,8,8,1,2,423,40,0,0,0,0,0,0,0,0,0,0,0,0,0,0,0,0,3.5,0,0,0,0,0,0,0,0,0,0,0,0,0,0,0
20240327,다바68756475,968875,1864875,0,다사58251750,958375,1917625,1,16,18,1,7,16455,2359,0,0,0,0,0,0,0,0,0,0,0,0,0,0,0,0,0,0,0,0,0,0,3.28,0,0,0,0,0,0,0,0,0
20240307,다사36506475,936625,1964875,2,다사37006050,937125,1960625,0,10,11,1,7,1189,405,0,0,0,0,0,0,0,0,0,0,0,0,0,0,0,0,0,0,0,0,0,0,0,0,0,0,0,0,0,0,3.69,0
20240329,다사53505275,953625,1952875,1,다사50755025,950875,1950375,6,17,18,1,7,1009,508,0,0,0,0,0,0,0,0,0,0,0,0,0,0,0,0,0,0,0,0,0,0,0,0,3.62,0,0,0,0,0,0,0
20240329,다사90251675,990375,1916875,0,다사98251775,998375,1917875,2,16,16,1,3,2667,29,0,0,0,0,0,0,0,0,0,0,0,0,0,0,0,0,0,0,0,0,0,0,0,0,3.04,0,0,0,0,0,0,0
20240313,다사25753475,925875,1934875,2,다사26503450,926625,1934625,0,18,18,1,7,191,95,0,0,0,0,0,0,0,0,0,0,0,0,0,0,0,0,0,0,0,0,0,0,0,0,3.77,0,0,0,0,0,0,0
20240316,다사29503950,929625,1939625,0,다사27503400,927625,1934125,0,18,18,2,7,1682,61,0,0,0,3.5,0,0,0,0,0,0,0,0,0,0,0,0,0,0,0,0,3.5,0,0,0,0,0,0,0,0,0,0,0
20240313,다사50255100,950375,1951125,0,다사50255050,950375,1950625,1,12,13,2,2,243,230,0,0,3.5,0,0,0,0,0,0,0,0,0,0,0,0,0,0,0,0,0,0,0,0,0,0,0,0,0,0,0,0,0
20240305,다사64750875,964875,1908875,2,다사62000250,962125,1902625,1,6,7,1,1,2152,831,0,0,0,0,0,0,0,0,0,3.09,0,0,0,0,0,0,0,0,0,0,0,0,0,0,0,0,0,0,0,0,0,0
20240320,다사32753200,932875,1932125,0,다사33503250,933625,1932625,2,20,21,1,3,218,636,0,0,0,0,0,0,0,0,0,0,0,0,0,0,0,0,0,0,3.5,0,0,0,0,0,0,0,0,0,0,0,0,0
20240302,다사50255650,950375,1956625,0,다사49755700,949875,1957125,0,15,15,1,7,259,115,0,0,0,0,0,0,0,0,0,2.71,0,0,0,2.55,0,0,0,0,0,0,0,0,0,0,0,0,0,0,0,0,0,0
20240314,다사62005500,962125,1955125,2,다사61505525,961625,1955375,0,18,18,1,7,195,5,0,0,0,0,0,0,0,0,0,0,0,0,0,0,0,0,0,0,0,0,0,0,0,0,3.1,0,0,0,0,0,0,0
20240322,다사69004975,969125,1949875,2,다사69255000,969375,1950125,0,8,8,1,7,83,487,0,0,0,0,0,0,0,0,0,0,0,0,0,0,0,0,0,0,0,0,0,0,3.82,0,0,0,0,3.46,0,0,0,0
20240327,다사60756300,960875,1963125,2,다사63505000,963625,1950125,0,9,10,1,7,4317,999,0,0,0,0,0,0,0,0,0,0,0,0,0,0,0,0,0,0,0,0,0,3.06,0,0,0,0,0,0,0,0,0,0
20240301,다사57505800,957625,1958125,2,다사57255700,957375,1957125,0,9,9,1,7,313,59,0,0,0,0,0,0,0,0,0,0,0,0,0,0,0,3.5,0,0,0,0,0,0,0,0,0,0,0,0,0,0,0,0
20240308,다사57754150,957875,1941625,0,다사61258875,961375,1988875,0,16,19,1,7,12167,2534,0,0,0,0,0,0,0,0,0,0,0,0,0,0,0,0,0,0,0,0,0,0,0,0,0,0,0,0,3.88,0,0,0
20240324,다사37503150,937625,1931625,2,다사38752275,938875,1922875,0,17,17,1,7,2527,434,0,0,0,0,3.5,0,0,0,0,0,0,0,0,0,0,0,0,0,0,0,0,0,0,0,0,0,0,0,0,0,0,0
20240316,다사65252525,965375,1925375,2,다사63752700,963875,1927125,0,11,11,1,7,976,383,0,0,0,0,0,0,0,0,0,0,0,0,0,0,0,0,0,0,0,2.61,0,0,0,0,0,2.4,0,0,0,0,0,0
20240307,다사36256450,936375,1964625,2,다사35256450,935375,1964625,0,17,17,1,7,312,103,0,3.5,0,0,0,0,0,0,0,0,0,0,0,0,0,0,0,0,0,0,0,0,0,0,0,0,0,0,0,0,0,0
20240329,다사49004700,949125,1947125,1,다사50754900,950875,1949125,0,16,17,1,7,1145,582,0,0,0,2.38,0,0,0,0,0,0,0,0,0,0,0,0,0,0,0,2.2,0,0,0,0,0,0,0,0,0,0,0,0
20240325,다사42004775,942125,1947875,2,다사41754775,941875,1947875,0,1,1,1,7,37,25,0,0,0,0,0,0,0,0,0,0,0,0,0,0,0,0,0,0,0,0,0,0,0,0,0,0,0,0,4.08,0,0,0
20240325,다사30252525,930375,1925375,1,다사28002775,928125,1927875,2,17,17,1,3,866,151,0,0,0,0,0,0,0,0,3.97,0,0,0,0,0,0,0,0,0,0,0,0,0,0,0,0,0,0,0,0,0,0,0
20240330,다사37256175,937375,1961875,0,다사34756350,934875,1963625,2,12,13,1,3,907,220,0,0,0,0,0,0,0,0,0,0,0,0,0,0,0,0,0,0,0,0,0,0,0,0,0,0,0,0,0,0,0,0
20240309,다사49254450,949375,1944625,1,다사51004250,951125,1942625,0,17,17,1,7,787,32,0,0,0,0,0,0,0,0,0,0,0,0,0,0,0,0,0,0,0,0,0,0,0,0,0,0,0,0,0,0,0,0
20240318,다사67001650,967125,1916625,0,다아90251900,990375,2019125,0,14,16,1,7,34057,2274,0,0,0,0,2.98,0,0,0,0,0,0,0,0,0,0,0,0,0,0,0,0,3.19,0,0,0,0,0,0,0,0,0,0
20240327,다사34256300,934375,1963125,3,다사53255025,953375,1950375,0,10,11,1,7,5895,1096,0,0,0,0,0,0,0,0,0,0,0,0,0,0,0,0,0,0,0,0,0,0,0,0,3.9,0,0,0,0,0,0,0
20240304,다사63507900,963625,1979125,2,다사63257700,963375,1977125,0,3,3,1,7,646,562,0,0,0,0,0,0,0,0,2.74,0,0,0,0,0,0,0,0,0,3.5,0,0,0,0,0,0,0,0,0,0,0,0,0
20240308,다사25254725,925375,1947375,0,다사53002875,953125,1928875,0,13,14,1,7,10079,1192,0,0,0,0,0,3.31,0,0,0,0,0,0,0,0,0,0,0,0,0,0,0,0,0,0,0,0,0,0,0,0,0,0
20240319,다사62754350,962875,1943625,0,다사55253650,955375,1936625,0,4,5,1,7,2932,146,0,3.5,0,0,0,0,0,0,0,0,0,0,0,0,0,0,0,0,0,0,0,0,0,0,0,0,0,0,0,0,0,0
20240306,다사24504850,924625,1948625,2,다사63757175,963875,1971875,0,9,10,1,7,12472,1614,0,0,0,0,0,0,0,0,0,0,0,0,0,0,0,0,0,0,0,0,0,0,3.64,0,0,0,3.66,0,0,0,0,0
20240330,다사61505150,961625,1951625,0,다사67504625,967625,1946375,2,20,20,1,3,2091,823,0,0,0,0,0,0,0,0,0,0,3.81,0,0,0,0,0,0,0,0,0,0,0,0,0,0,0,0,0,0,0,0,0
20240320,다사40255125,940375,1951375,0,다사40255125,940375,1951375,2,2,2,1,3,67,154,0,0,0,0,0,0,0,0,0,0,0,0,0,0,0,0,0,0,0,3.31,0,0,0,0,0,0,0,0,0,0,0,0
20240323,다사63505250,963625,1952625,2,다사63755525,963875,1955375,0,11,11,1,7,906,543,0,0,0,0,0,0,0,0,3.16,0,0,0,0,0,0,0,0,0,0,0,0,0,0,0,0,0,0,0,0,0,0,0
20240321,다사27504725,927625,1947375,2,다사26254775,926375,1947875,1,11,11,1,1,354,145,0,0,4.25,0,0,0,0,0,0,0,0,0,0,0,0,0,0,0,0,0,0,0,0,0,0,0,0,0,0,0,0,0
20240321,다사71005200,971125,1952125,2,다사71255250,971375,1952625,0,11,11,1,7,162,20,0,0,0,0,0,0,0,0,0,0,0,0,0,0,0,0,0,0,0,0,0,0,0,0,0,0,0,3.04,0,0,0,0
20240322,다사61251600,961375,1916125,2,다사65250725,965375,1907375,0,19,19,1,7,2554,597,0,0,0,0,0,0,0,0,0,0,0,0,0,0,0,0,0,0,0,0,0,0,0,0,0,3.77,0,0,0,0,0,0
20240320,다사84255250,984375,1952625,0,다사82004800,982125,1948125,1,14,14,1,1,1536,134,0,0,0,0,0,0,0,0,0,0,0,3.27,0,0,0,0,0,0,0,0,0,0,0,0,0,0,0,0,0,0,0,0
20240328,다사46504750,946625,1947625,1,다사48504625,948625,1946375,0,16,16,1,7,605,298,0,0,0,0,0,0,0,0,0,0,0,0,0,0,0,0,0,0,0,0,0,0,0,0,0,0,0,0,4.24,0,0,0
20240331,다사27003525,927125,1935375,0,다사25753475,925875,1934875,2,2,2,1,3,380,56,0,0,7,0,0,0,0,0,0,3.29,0,0,0,0,0,0,0,0,0,0,0,0,0,0,0,3.6,0,0,0,0,0,0
20240311,다사56755475,956875,1954875,0,다사60001100,960125,1911125,2,16,18,1,3,19223,2735,0,0,0,0,0,0,4.55,0,0,0,0,0,0,0,0,0,0,0,0,0,0,0,0,0,0,0,0,0,0,0,0,0
20240304,다사35003750,935125,1937625,1,다사43502875,943625,1928875,0,9,9,1,7,3898,276,0,0,0,0,0,3.16,0,0,0,0,0,0,0,0,0,0,0,0,0,0,0,0,0,0,0,0,0,0,0,0,0,0
20240324,다사23256100,923375,1961125,0,다사61001650,961125,1916625,2,10,12,1,3,19314,2545,0,0,0,0,0,0,0,0,0,0,0,0,0,0,0,0,0,0,0,0,0,3.02,0,0,0,0,0,0,0,0,0,0
20240313,다사37504225,937625,1942375,0,다사31004075,931125,1940875,2,17,18,1,3,1509,880,0,0,0,0,0,0,0,0,0,0,0,0,0,0,0,0,0,0,4.48,0,0,0,0,0,0,0,0,0,0,0,0,0
20240316,다바78759100,978875,1891125,2,다바78759100,978875,1891125,0,7,7,1,7,51,123,0,0,0,0,0,0,0,0,0,0,0,0,0,0,0,0,3.5,0,0,0,0,0,0,0,0,0,0,3.59,0,0,0,0
20240322,다사32252850,932375,1928625,0,다사28752725,928875,1927375,2,6,7,1,3,868,791,0,0,0,0,0,0,0,0,0,0,0,0,0,0,0,0,0,0,0,0,0,0,4.1,0,0,0,0,0,0,0,0,0
20240321,다사52252925,952375,1929375,0,다사52752875,952875,1928875,2,17,17,1,3,178,149,0,0,0,0,0,0,0,0,0,0,0,0,0,0,0,0,0,0,0,0,0,0,0,0,0,3.58,0,0,0,0,0,0
20240306,다사58256025,958375,1960375,2,다사58755525,958875,1955375,1,12,13,1,1,1520,856,0,0,0,0,0,0,0,0,0,0,0,0,0,0,0,0,0,0,3.36,0,0,0,0,0,0,0,0,0,0,0,0,0
20240316,다사32505275,932625,1952875,0,다사25755450,925875,1954625,0,16,16,1,7,2027,583,0,0,0,0,0,0,0,0,0,0,0,0,0,0,0,0,0,0,0,0,0,0,0,0,0,0,0,0,0,0,0,0
20240322,다사24503000,924625,1930125,1,다사24503275,924625,1932875,2,14,15,1,3,806,978,0,0,0,0,0,0,0,0,0,0,0,0,0,0,0,0,0,0,0,0,0,0,0,3.29,0,0,0,0,0,0,0,0
20240319,다사49505700,949625,1957125,0,다사48255375,948375,1953875,2,12,12,1,3,1092,455,0,0,3.05,0,0,0,0,0,0,0,0,0,0,0,0,0,0,0,0,0,0,0,0,0,0,0,0,0,0,0,0,0
20240321,다바60259500,960375,1895125,0,다바59759525,959875,1895375,2,18,18,2,3,206,7,0,0,0,0,0,0,0,0,3.5,0,0,0,0,0,0,0,0,0,0,0,0,0,0,0,0,0,0,0,0,0,0,0
20240331,다사39754100,939875,1941125,0,다사38754150,938875,1941625,2,14,14,1,3,318,72,0,0,0,0,0,0,0,0,0,3.19,0,0,0,0,0,0,0,0,0,0,0,0,0,0,0,0,0,0,0,0,0,0
20240326,다사26254700,926375,1947125,2,다사25754775,925875,1947875,1,7,8,1,1,261,28,0,0,0,0,0,0,0,0,0,0,3.78,0,0,0,0,0,0,0,0,0,0,0,0,0,0,0,0,0,0,0,0,0
20240317,다사28254175,928375,1941875,0,다사30004200,930125,1942125,2,12,12,1,3,362,142,0,0,0,0,0,0,0,0,0,0,0,0,0,0,0,0,0,0,0,0,0,0,0,0,0,4.42,0,0,0,0,0,0
20240327,다사34504425,934625,1944375,2,다사35754475,935875,1944875,0,10,11,1,7,356,877,0,0,0,0,0,0,0,0,0,0,0,0,0,0,0,0,0,0,0,0,0,0,0,3.55,0,0,0,0,0,0,0,0
20240306,다사46250000,946375,1900125,2,다바47009925,947125,1899375,0,8,8,1,7,312,156,0,0,0,2.62,0,0,0,0,0,0,0,0,0,0,0,3.5,0,0,0,0,0,0,0,0,0,3.07,0,0,0,0,0,0
20240318,다사69002025,969125,1920375,0,다사69502050,969625,1920625,2,21,21,1,3,158,100,0,0,3.5,0,0,0,0,0,0,0,0,0,0,0,0,0,0,0,0,0,0,0,0,3.01,0,0,0,0,0,0,0,0
20240316,다사59001150,959125,1911625,2,다사58751175,958875,1911875,0,8,8,1,7,94,29,0,0,0,0,0,0,0,0,0,0,0,0,0,0,0,0,0,0,0,0,0,0,0,0,0,3.55,0,0,0,0,0,0
20240311,다사59501850,959625,1918625,1,다사59251850,959375,1918625,0,10,11,1,7,71,65,0,0,0,0,0,0,0,0,0,0,0,0,0,0,0,0,3.5,0,0,0,0,0,0,0,0,0,0,0,0,0,0,0
20240308,다바68006950,968125,1869625,0,다바63258850,963375,1888625,2,11,11,2,3,5592,478,0,0,3.5,0,0,0,0,0,0,0,0,0,0,0,0,0,0,0,0,0,0,0,0,0,0,0,0,0,0,0,0,0
20240323,다사60754600,960875,1946125,0,다사61004575,961125,1945875,3,18,19,1,7,77,412,0,0,0,0,0,0,0,0,0,0,0,0,0,0,0,0,0,3.5,0,0,0,0,0,0,0,0,0,0,0,0,0,0
20240316,다사75500225,975625,1902375,0,다사64752575,964875,1925875,0,10,10,1,7,8042,268,0,0,0,0,0,3.21,0,0,0,0,0,0,0,0,0,0,0,0,0,0,0,0,0,0,0,0,0,0,0,0,0,0
20240327,다사58254675,958375,1946875,1,다사32753350,932875,1933625,0,18,19,1,7,8561,1847,0,0,0,0,0,0,0,0,0,0,0,0,0,0,0,0,0,0,0,0,3.38,0,0,0,0,0,0,0,0,0,0,0
20240327,다사60004575,960125,1945875,1,다사62004300,962125,1943125,2,18,18,1,3,990,489,0,0,0,0,0,0,0,0,0,0,0,0,0,0,0,0,0,0,0,0,0,0,0,3.6,0,0,0,0,0,0,0,0
20240311,다사53004275,953125,1942875,2,다사54004350,954125,1943625,1,7,7,1,2,340,301,0,0,0,0,0,0,0,0,0,0,0,0,0,0,0,0,0,0,0,0,0,0,0,0,0,0,0,0,0,0,0,0
20240330,다사61251675,961375,1916875,2,다사61251700,961375,1917125,0,8,8,1,7,81,762,0,0,0,0,0,0,0,0,0,0,0,0,0,0,0,0,0,0,0,0,0,0,3.09,0,0,0,0,0,0,0,0,0
20240328,다사35003050,935125,1930625,2,다사22506075,922625,1960875,0,5,7,1,7,8396,1616,0,0,0,0,0,0,3.9,0,0,0,0,0,0,0,0,0,0,0,0,0,0,0,0,0,0,0,0,0,0,0,0,0
20240313,다사78253425,978375,1934375,0,다사77753375,977875,1933875,2,21,21,1,3,198,22,0,0,0,0,0,2.78,0,0,0,0,0,0,0,0,0,0,0,0,0,0,0,0,3.1,0,0,0,0,0,0,0,0,0
20240307,다바62508950,962625,1889625,0,다바63009000,963125,1890125,2,11,12,1,3,206,181,0,0,0,0,0,0,0,0,0,0,0,0,0,0,0,0,0,0,0,0,3.96,0,0,0,0,0,0,0,0,0,0,0
20240323,다사38005200,938125,1952125,0,다사42504900,942625,1949125,2,17,17,1,3,1501,188,0,0,0,0,0,0,0,0,0,3.49,0,0,0,0,0,0,0,0,0,0,0,0,0,0,0,0,0,0,0,0,0,0
20240309,다사57505250,957625,1952625,0,다사57755225,957875,1952375,2,21,21,1,3,67,172,0,0,0,0,3.07,0,0,0,0,0,0,0,0,0,0,0,0,0,0,0,0,0,0,0,0,0,0,0,0,0,0,0
20240318,다사56001150,956125,1911625,2,다사58001050,958125,1910625,1,8,8,1,1,533,104,0,0,0,0,0,0,4.09,0,0,0,0,0,0,0,0,0,0,0,0,0,0,0,0,0,0,0,0,0,0,0,0,0
20240330,다사31004425,931125,1944375,0,다사30754350,930875,1943625,2,7,8,1,3,256,277,0,0,0,0,0,0,0,0,3.47,0,0,0,0,0,0,0,0,0,0,0,0,0,0,0,0,0,0,0,0,0,0,0
20240306,다사59752025,959875,1920375,6,다사62251025,962375,1910375,2,21,22,1,3,2847,474,0,0,0,0,0,0,0,0,3.61,0,0,0,0,0,0,0,0,0,0,0,0,0,0,0,0,0,0,0,0,0,0,0
20240302,다사73007025,973125,1970375,0,다사72757000,972875,1970125,2,14,15,1,3,72,28,0,0,0,0,0,0,0,0,0,0,0,0,0,0,0,0,0,0,0,0,0,0,0,0,0,0,0,0,3.76,0,0,0
20240324,다사32256925,932375,1969375,0,다사32256875,932375,1968875,2,10,10,1,3,100,49,0,0,0,0,0,0,0,0,0,0,0,0,0,0,0,0,0,0,0,0,0,0,3.5,0,0,0,0,0,0,0,0,0
20240331,다사36755575,936875,1955875,4,다사46256300,946375,1963125,2,11,11,1,3,3513,29,0,0,0,0,0,0,3.45,0,0,0,0,0,0,0,0,0,0,0,0,0,0,0,0,0,0,0,0,0,0,0,0,0
20240319,다사59755700,959875,1957125,2,다사56755575,956875,1955875,1,8,8,1,1,917,683,0,0,0,0,0,0,0,0,0,0,0,0,0,0,0,0,0,0,0,0,0,0,0,3.37,0,0,0,0,0,0,0,0
20240331,다사47255200,947375,1952125,0,다사47255200,947375,1952125,2,6,6,1,3,32,176,0,0,0,0,0,0,0,0,0,0,0,0,0,0,0,0,0,0,0,2.58,2.51,0,0,0,0,3.23,0,0,0,0,0,3.5
20240311,다사52501250,952625,1912625,2,다마63759025,963875,1790375,0,9,12,1,7,35806,3070,0,0,0,0,0,0,0,0,0,0,0,0,0,0,0,0,0,0,3.43,0,0,0,0,0,0,0,0,0,0,0,0,0
20240322,다사49255700,949375,1957125,2,다사48505950,948625,1959625,1,15,16,1,1,872,788,0,0,0,0,0,0,0,0,0,0,3.21,0,0,0,0,0,0,0,0,0,0,0,0,0,0,0,0,0,0,0,0,0
20240307,다사59751975,959875,1919875,0,다사59501975,959625,1919875,2,18,18,1,3,119,119,0,0,3.81,0,0,0,0,0,0,0,0,0,0,0,0,0,0,0,0,0,0,0,0,0,0,0,0,0,0,0,0,0
20240304,다사75753175,975875,1931875,2,다사76003200,976125,1932125,0,7,8,1,7,87,604,0,0,3.5,0,0,0,0,0,0,0,0,0,0,0,0,0,0,0,0,0,0,0,0,0,0,0,0,0,0,0,0,0
20240305,다아80000975,980125,2009875,2,다아77751175,977875,2011875,1,8,8,1,1,978,428,0,0,0,0,0,0,0,0,3.3,0,0,0,0,0,0,0,0,0,0,0,0,0,0,0,0,0,0,0,0,0,0,0
20240328,다사61756100,961875,1961125,2,다사61506075,961625,1960875,0,13,13,1,7,135,50,0,0,0,0,0,0,0,0,0,0,0,0,0,0,0,0,0,0,0,0,0,0,0,0,0,3.16,0,0,0,0,0,0
20240328,다사51502750,951625,1927625,1,다사51002825,951125,1928375,0,19,19,1,7,256,66,0,0,0,0,0,0,0,0,0,0,0,0,0,0,0,0,0,0,0,0,0,0,0,0,0,0,0,0,0,0,0,0
20240324,다사46753650,946875,1936625,0,다사48253550,948375,1935625,0,11,12,1,7,434,196,0,0,0,0,0,0,0,0,4.45,0,0,0,0,0,0,0,0,0,0,0,0,0,0,0,0,0,0,0,0,0,0,0
20240308,다사55755300,955875,1953125,0,다사63002375,963125,1923875,2,16,18,1,3,6810,2117,0,0,0,0,0,0,0,0,0,0,0,0,0,0,0,0,0,0,0,0,0,0,0,0,0,0,0,0,0,0,4.45,0
20240316,다사62005000,962125,1950125,0,다바65256700,965375,1867125,0,17,19,1,7,23748,1742,0,0,0,0,0,0,3.5,0,0,0,0,0,0,0,0,0,0,0,0,0,0,0,0,0,0,0,0,0,0,0,0,0
20240306,다사67005025,967125,1950375,2,다사65754575,965875,1945875,0,13,13,1,7,1438,653,0,0,0,0,0,0,0,0,0,0,3.25,0,0,0,0,0,0,0,0,0,0,0,0,0,0,0,0,0,0,0,0,0
20240327,다사37253725,937375,1937375,0,다사37003725,937125,1937375,2,14,14,1,3,61,11,0,0,0,0,0,0,0,0,0,0,0,0,0,0,0,0,0,0,0,0,0,0,0,0,0,0,0,0,0,0,3.5,0
20240303,다사26504350,926625,1943625,0,다사25504225,925625,1942375,0,14,15,1,7,384,163,0,0,0,0,0,4.06,0,0,0,0,0,0,0,0,0,0,0,0,0,0,0,0,0,0,0,0,0,0,0,0,0,0
20240323,다사64004250,964125,1942625,0,다사63752425,963875,1924375,2,16,17,1,3,4754,1153,0,0,0,0,0,0,0,0,3.83,0,0,0,0,0,0,0,0,0,0,0,0,0,0,0,0,0,0,0,0,0,0,0
20240323,다사65254300,965375,1943125,0,다사64504350,964625,1943625,2,15,16,1,3,248,276,0,0,0,0,0,0,0,0,0,0,0,0,0,0,0,0,0,0,0,0,0,0,0,0,0,0,0,0,3.56,0,0,0
20240311,다사57254625,957375,1946375,0,다사50251500,950375,1915125,2,20,22,1,3,8236,1355,0,0,0,0,0,0,3.9,0,0,0,0,0,0,0,0,0,0,0,0,0,0,0,0,0,0,0,0,0,0,0,0,0
20240309,다사52004225,952125,1942375,2,다사58004425,958125,1944375,0,11,11,1,7,1903,139,0,0,0,0,0,0,0,0,0,0,0,0,0,0,0,0,0,0,0,3.35,0,0,0,0,0,0,0,0,0,0,0,0
20240303,다사61255175,961375,1951875,0,다사61005200,961125,1952125,2,9,9,1,3,93,27,0,0,0,0,0,0,0,0,0,0,0,0,0,0,0,0,0,0,0,0,0,0,3.89,0,0,0,0,0,0,0,0,0
20240326,다사63001925,963125,1919375,2,다사62501300,962625,1913125,0,18,18,1,7,1666,435,0,0,0,0,0,0,0,0,0,0,0,0,0,0,0,0,0,0,0,0,0,0,0,3.76,0,0,0,0,0,0,0,0
20240309,다사53255350,953375,1953625,0,다사69005125,969125,1951375,2,18,20,1,3,4490,1573,0,0,0,0,0,0,0,3.54,0,0,0,0,0,0,0,0,0,0,0,0,0,0,0,0,0,0,0,0,0,0,0,0
20240309,다사37753700,937875,1937125,0,다사37003775,937125,1937875,0,10,10,1,7,236,3,0,0,0,0,0,0,0,0,0,3.91,0,0,0,0,0,0,0,0,0,0,0,0,0,0,0,0,0,0,0,0,0,0
20240330,다사53251975,953375,1919875,2,다바69006875,969125,1868875,0,20,22,1,7,17466,1666,0,0,0,3.05,0,0,0,0,0,0,0,0,0,0,0,0,0,0,0,0,0,0,0,0,0,0,0,0,0,0,0,0
20240320,다사49753025,949875,1930375,2,다사49502900,949625,1929125,0,8,9,1,7,413,825,0,0,0,0,0,0,0,0,0,0,0,0,0,0,0,0,0,0,0,0,0,0,0,0,0,0,0,3.03,0,0,0,0
20240328,다사51254975,951375,1949875,1,다사51004925,951125,1949375,2,13,15,1,3,174,1772,0,0,0,0,0,0,0,0,0,0,0,0,0,0,0,0,0,3.5,0,0,0,0,0,0,0,0,0,0,0,0,0,0
20240319,다사65502250,965625,1922625,0,다사66252275,966375,1922875,2,20,20,1,3,292,182,0,0,0,0,0,0,0,0,0,0,0,0,0,0,0,0,0,0,0,0,0,2.67,0,0,0,0,0,0,0,0,0,0
20240330,다사25003100,925125,1931125,0,다사23253150,923375,1931625,0,12,12,1,7,545,248,0,0,0,3.21,0,0,0,0,0,0,0,0,0,0,0,0,0,0,0,0,2.85,0,0,0,0,0,0,0,0,0,0,0
20240305,다사27003525,927125,1935375,0,다사31753400,931875,1934125,2,13,16,1,3,1204,2565,0,0,0,0,4.04,0,0,0,0,0,0,0,0,0,0,0,0,0,0,0,0,0,0,0,0,0,0,0,0,0,0,0
20240330,다사33754550,933875,1945625,2,다사35504475,935625,1944875,0,18,18,1,7,515,201,0,0,0,0,0,0,0,0,0,0,0,0,0,0,0,0,0,0,3.5,0,0,0,0,0,0,0,0,0,0,0,0,0
20240328,다사53005300,953125,1953125,2,다사53005300,953125,1953125,0,2,2,1,7,21,101,0,0,0,0,0,0,2.01,0,0,0,2.24,0,0,0,0,0,0,0,0,0,0,0,0,0,0,0,0,2.96,0,0,0,0
20240319,다사47753875,947875,1938875,2,다사48255025,948375,1950375,1,15,16,1,1,3858,1067,0,0,0,0,0,0,0,0,0,0,0,0,0,0,0,0,0,0,0,0,3.01,0,0,0,0,0,0,0,0,0,0,0
20240329,다사25254850,925375,1948625,0,다사24754825,924875,1948375,2,22,23,1,3,202,816,0,0,0,0,0,0,0,0,0,0,0,0,0,0,0,0,0,0,0,0,0,2.4,0,0,0,0,0,0,0,0,0,0
20240309,다바60509300,960625,1893125,2,다바60259325,960375,1893375,0,7,7,1,7,51,37,0,0,0,3.53,0,0,0,0,0,0,0,0,0,0,0,0,0,0,0,0,0,0,0,0,0,0,0,0,0,0,0,0
20240330,다사57755975,957875,1959875,0,다사61505150,961625,1951625,2,22,23,1,3,2602,831,0,0,0,0,0,0,0,0,0,0,0,0,0,0,0,0,0,0,0,0,0,0,0,0,0,0,0,0,3.5,0,0,0
20240326,다사59504375,959625,1943875,0,다사64001850,964125,1918625,2,17,18,1,3,7608,1068,0,0,0,0,0,0,0,3.39,0,0,0,0,0,0,0,0,0,0,0,0,0,0,0,0,0,0,0,0,0,0,0,0
20240327,다사65252875,965375,1928875,0,다사66252975,966375,1929875,1,12,12,1,7,390,238,0,0,0,0,0,0,0,0,0,0,0,0,0,0,0,0,0,0,0,0,0,0,0,0,0,0,0,0,3.91,0,0,0
20240304,다사69254400,969375,1944125,0,다사69004375,969125,1943875,2,16,16,1,3,75,55,0,0,0,0,0,0,0,0,4.22,0,0,0,0,0,0,0,0,0,0,0,0,0,3.5,0,0,0,0,0,0,0,0,0
20240323,다사50504600,950625,1946125,2,다사07003900,907125,1939125,0,9,10,2,7,12572,1755,0,0,0,0,0,0,0,0,0,0,0,0,0,0,0,0,0,0,0,0,0,0,0,0,0,0,0,0,0,0,0,0
20240322,다사30254025,930375,1940375,2,다사32003925,932125,1939375,0,20,21,1,7,553,255,0,0,0,0,0,0,0,0,0,0,0,0,0,0,0,0,0,0,0,0,0,0,0,0,0,3.37,0,0,0,0,0,0
20240318,다사55502275,955625,1922875,0,다사54752325,954875,1923375,2,17,17,1,3,282,23,0,0,0,0,0,0,0,0,0,0,0,0,0,0,0,0,0,0,0,0,0,0,0,0,0,0,0,3.5,0,0,0,0
20240313,다사73751025,973875,1910375,1,다바61259750,961375,1897625,2,19,19,1,3,4371,577,0,0,0,0,0,0,0,0,0,0,0,0,0,0,0,0,0,0,0,0,0,0,0,0,4.1,0,0,0,0,0,0,0
20240327,다사52254575,952375,1945875,0,다사35754725,935875,1947375,0,13,14,1,7,4132,273,0,0,0,0,0,0,0,0,0,0,4.01,0,0,0,0,0,0,0,0,0,0,0,0,0,0,0,0,0,0,0,0,0
20240331,다사39754325,939875,1943375,6,다사32004300,932125,1943125,0,11,12,1,7,3515,1131,0,0,0,0,2.17,0,0,0,0,0,0,0,0,0,0,0,0,0,0,0,0,2.25,0,0,0,0,0,0,0,0,0,0
20240311,다사32257025,932375,1970375,2,다사39007375,939125,1973875,1,8,8,1,1,2166,516,0,0,0,0,0,0,0,0,0,0,0,0,0,0,0,0,0,0,0,0,0,3.5,0,0,0,0,0,0,0,0,0,0
20240323,다사47504650,947625,1946625,0,다사47254650,947375,1946625,4,16,16,1,4,55,49,0,0,0,0,0,0,0,0,0,0,0,0,0,0,0,0,0,0,2.64,0,5.63,0,3.32,0,0,0,0,0,0,0,0,0
20240307,다사47504100,947625,1941125,0,다사46754250,946875,1942625,0,19,20,1,7,543,545,0,0,0,0,0,0,0,0,0,0,0,0,0,0,0,0,0,0,0,0,3.35,0,0,0,0,0,0,0,0,0,0,0
20240323,다사62004575,962125,1945875,0,다사48505775,948625,1957875,2,16,18,1,3,4206,1115,0,0,0,0,0,0,0,0,0,0,0,0,0,0,0,0,0,0,4.3,0,0,0,0,0,0,0,0,0,0,0,0,0
20240315,다사50752750,950875,1927625,2,다사51002700,951125,1927125,0,14,15,1,7,150,143,0,0,0,0,0,0,0,0,0,0,4.01,0,0,0,0,0,0,0,0,0,0,0,0,0,0,0,0,0,0,0,0,0
20240324,다사51754775,951875,1947875,2,다사46505200,946625,1952125,0,13,14,2,7,1926,1118,0,0,0,0,0,0,0,0,0,3.5,0,0,0,0,0,0,0,0,0,0,0,0,0,0,0,0,0,0,0,0,0,0
20240326,다사40005850,940125,1958625,2,다사41005850,941125,1958625,0,1,1,1,7,247,209,0,0,0,0,0,0,0,0,0,0,0,0,0,0,0,0,0,0,0,0,0,0,0,0,0,3.65,0,0,0,0,0,0
20240306,다사73257075,973375,1970875,2,다사78007825,978125,1978375,1,8,9,1,1,2576,669,0,0,0,0,0,3.38,0,0,0,0,0,0,0,0,0,0,0,0,0,0,0,0,0,0,0,0,0,0,0,0,0,0
20240321,다사26253625,926375,1936375,2,다사24754350,924875,1943625,1,7,7,1,1,2091,485,0,0,0,0,0,0,3.48,0,0,0,0,0,0,0,0,0,0,0,0,0,0,0,0,0,0,0,0,0,0,0,0,0
20240309,다사63505750,963625,1957625,2,다사62256125,962375,1961375,1,10,11,1,2,1064,466,0,0,0,0,0,0,0,0,0,0,0,0,0,0,0,3.5,0,0,0,0,0,0,0,0,0,0,0,0,0,0,0,0
20240306,다사26253675,926375,1936875,0,다사26753600,926875,1936125,2,17,17,1,3,254,6,0,0,0,0,0,0,0,0,0,0,0,0,0,0,0,0,0,0,0,0,0,0,0,0,0,3.71,0,0,0,0,0,0
20240328,다사39501300,939625,1913125,1,다사39751125,939875,1911375,2,19,19,1,3,613,355,0,0,0,0,0,0,3.11,0,0,0,0,0,0,0,0,0,0,0,0,0,0,0,0,0,0,0,0,0,0,0,0,0
20240324,다사50755450,950875,1954625,2,다사50505475,950625,1954875,0,20,21,1,7,113,622,0,0,0,0,0,0,0,0,3.97,0,0,0,0,0,0,0,0,0,0,0,0,0,0,0,0,0,0,0,0,0,0,0
20240306,다사57252075,957375,1920875,2,다사58002325,958125,1923375,0,18,19,1,7,693,486,0,0,0,0,0,0,0,0,3.8,0,0,0,0,0,0,0,0,0,0,0,0,0,0,0,0,0,0,0,0,0,0,0
20240324,다사43502175,943625,1921875,2,다사43252200,943375,1922125,1,11,11,2,1,108,112,0,0,0,0,0,3.5,0,0,0,0,0,0,0,0,0,0,0,0,0,0,0,3.5,0,0,0,0,0,0,0,0,0,0
20240320,다사48004225,948125,1942375,2,다사51504225,951625,1942375,1,11,11,1,1,951,23,0,0,0,0,0,0,0,0,0,0,0,0,0,0,0,0,0,0,0,0,0,0,3.52,0,0,0,0,0,0,0,0,0
20240305,라바38258775,1038375,1887875,2,다사52505175,952625,1951875,0,8,12,1,7,30669,3643,0,0,0,0,0,3.49,0,0,0,0,0,0,0,0,0,0,0,0,0,0,0,0,0,0,0,0,0,0,0,0,0,0
20240305,다사57251675,957375,1916875,0,다사57251725,957375,1917375,2,20,20,1,3,109,48,0,0,0,0,0,0,0,0,0,0,0,0,0,0,0,0,0,0,0,0,0,0,0,0,3.5,0,0,0,0,0,0,0
20240302,다사60005075,960125,1950875,6,다사57255525,957375,1955375,0,15,16,1,7,1595,1000,0,0,0,0,0,0,0,0,0,0,0,0,0,0,0,0,0,0,0,0,3.15,0,0,0,0,0,0,0,0,0,0,0
20240304,다사55004300,955125,1943125,2,다사71503800,971625,1938125,1,7,7,1,1,5377,909,0,0,0,0,0,0,0,0,3.21,0,0,0,0,0,0,0,0,0,0,0,0,0,0,0,0,0,0,0,0,0,0,0
20240308,다사54005225,954125,1952375,1,다사53755175,953875,1951875,0,11,11,1,7,171,168,0,0,0,0,2.38,0,0,3.54,0,0,0,0,0,0,0,0,0,0,0,0,0,0,3.5,0,0,0,0,0,0,0,0,0
20240325,다사51751350,951875,1913625,0,다사50751325,950875,1913375,2,21,21,1,3,289,60,0,0,0,0,0,0,0,0,0,0,0,0,0,0,0,0,0,0,0,0,0,0,0,0,3.72,0,0,0,0,0,0,0
20240304,다사59752825,959875,1928375,0,다사69753825,969875,1938375,2,15,15,1,3,4672,824,0,0,0,0,2.9,0,0,0,0,0,0,0,0,0,0,0,0,0,0,0,0,3.14,0,0,0,0,0,0,0,0,0,0
20240309,다사27503950,927625,1939625,2,다사25753800,925875,1938125,0,8,8,1,7,609,319,0,0,0,0,0,0,0,0,0,0,0,0,0,0,0,0,0,0,0,0,0,0,0,0,3.5,0,0,0,0,0,0,0
20240310,다사36503225,936625,1932375,2,다사43002475,943125,1924875,0,8,8,1,7,2817,564,0,0,0,0,0,0,0,0,0,0,0,0,0,0,0,0,3.5,0,0,0,0,0,0,0,0,0,0,0,0,0,0,0
20240311,다사56755775,956875,1957875,2,다사57255750,957375,1957625,1,8,9,1,2,143,1319,3.5,0,0,0,0,0,0,0,0,0,0,0,0,0,0,0,3.5,0,0,0,0,0,0,0,0,0,0,0,0,0,0,0
20240307,다사49752475,949875,1924875,2,다사50252550,950375,1925625,0,7,7,1,7,331,556,0,0,0,0,0,0,0,0,0,0,0,0,0,0,0,0,0,0,3.03,0,0,0,0,0,0,0,0,0,0,0,0,0
20240310,다사65004500,965125,1945125,2,다사65004525,965125,1945375,0,11,11,1,7,67,53,0,0,0,0,0,0,0,0,0,0,0,0,0,0,0,0,0,0,0,0,0,0,0,0,0,0,3.08,0,0,0,0,0
20240314,다사46756700,946875,1967125,2,다사47006725,947125,1967375,1,8,8,1,7,70,55,0,0,0,0,0,0,0,0,0,0,0,0,0,0,0,0,0,0,0,0,0,0,0,0,0,0,0,0,4.15,0,0,0
20240320,다사49005025,949125,1950375,3,다사61255500,961375,1955125,2,18,19,2,3,3796,805,0,0,0,0,0,0,0,0,0,0,0,0,0,0,0,0,0,0,3.5,0,0,0,0,0,0,0,0,0,0,0,0,0
20240330,다사54502100,954625,1921125,2,다사66253400,966375,1934125,0,9,9,1,7,4947,504,0,0,0,0,0,0,0,0,0,0,0,0,0,0,0,0,0,0,0,0,0,0,0,0,0,0,0,0,0,0,0,0
20240319,다사53002925,953125,1929375,2,다사53502800,953625,1928125,1,7,8,1,2,436,430,0,0,0,0,0,0,0,0,0,0,0,0,0,0,0,0,0,7,0,0,0,0,0,0,0,0,0,0,0,0,0,0
20240311,다사40502450,940625,1924625,2,다사38002800,938125,1928125,0,5,5,1,7,950,262,0,0,0,0,0,0,0,0,4.48,0,0,0,0,0,0,0,0,0,0,0,0,0,0,0,0,0,0,0,0,0,0,0
20240317,다바63008800,963125,1888125,1,다바65508875,965625,1888875,2,18,18,1,3,587,310,0,0,0,0,0,0,0,0,0,0,0,0,0,0,0,0,0,0,4.23,0,0,0,0,0,0,0,0,0,0,0,0,0
20240301,다사35504000,935625,1940125,0,다사35754200,935875,1942125,2,12,13,1,3,590,738,0,0,0,0,0,0,0,0,0,0,0,0,0,0,0,0,0,0,0,0,0,0,0,0,0,3.5,0,0,0,0,0,0
20240307,다사46004875,946125,1948875,0,다사57755100,957875,1951125,2,20,21,1,3,3984,1126,0,0,0,0,0,0,0,0,0,0,0,0,0,0,0,0,0,0,0,3,0,0,0,0,0,0,0,0,0,0,0,0
20240317,다사69001975,969125,1919875,0,다사69251900,969375,1919125,2,19,20,1,3,181,704,0,0,0,0,0,0,0,0,0,0,0,0,0,0,0,0,0,0,0,0,0,0,0,0,0,0,0,0,0,0,0,0
20240316,다사34754500,934875,1945125,0,다사44754100,944875,1941125,2,19,20,1,3,2862,822,0,0,0,0,0,0,0,0,0,0,0,0,0,0,3.71,0,0,0,0,0,0,0,0,0,0,0,0,0,0,0,0,0
20240302,다사38003350,938125,1933625,0,다사36753125,936875,1931375,2,17,17,1,3,735,60,0,0,0,0,0,0,0,0,0,0,0,0,0,0,0,0,0,0,0,0,0,0,0,0,0,0,0,0,0,0,0,0
20240303,다사60254450,960375,1944625,0,다사60254450,960375,1944625,2,6,7,1,3,34,228,0,0,0,0,0,0,0,0,0,0,0,0,0,0,0,0,0,0,0,0,0,0,0,4.19,0,0,0,0,0,0,0,0
20240304,다사63507950,963625,1979625,2,다사63508125,963625,1981375,1,8,8,1,2,532,6,0,0,0,0,0,0,0,0,0,0,0,0,0,0,0,0,0,0,0,0,0,0,0,0,0,0,0,0,0,0,0,0
20240323,다사55502300,955625,1923125,2,다사55252300,955375,1923125,0,8,8,1,7,51,119,0,0,0,0,0,0,0,0,0,0,0,3.5,0,0,0,0,0,0,3.53,0,0,0,0,0,0,0,0,0,0,0,0,0
20240319,다사69004125,969125,1941375,0,다사69254200,969375,1942125,2,17,17,1,3,181,7,0,0,0,0,0,0,0,0,0,0,0,0,0,0,0,3.5,0,0,0,0,0,0,0,0,0,0,0,0,0,0,0,0
20240308,다사30004225,930125,1942375,0,다사29753950,929875,1939625,1,13,13,1,7,898,208,0,0,0,0,0,0,0,0,0,0,0,0,0,0,0,0,0,0,0,0,0,0,0,0,3.13,0,0,0,0,0,0,0
20240321,다사47503775,947625,1937875,0,다사57755250,957875,1952625,2,14,17,2,3,5153,2877,0,0,0,0,0,0,0,0,0,0,0,0,0,0,0,0,0,0,0,3.5,0,0,0,0,0,0,0,0,0,0,0,0
20240325,다사71506850,971625,1968625,2,다사72757025,972875,1970375,0,17,17,1,7,626,89,0,0,0,0,0,0,0,0,0,0,0,0,0,0,0,0,3.5,0,0,0,0,0,0,0,0,0,0,0,0,0,0,0
20240310,다사60506250,960625,1962625,2,다사56255075,956375,1950875,1,8,8,1,1,3529,973,0,0,0,0,0,3.56,0,0,0,0,0,0,0,0,0,0,0,0,0,0,0,0,0,0,0,0,0,0,0,0,0,0
20240322,다사43504800,943625,1948125,0,다사29504675,929625,1946875,0,20,20,1,7,3861,609,0,0,0,0,0,0,0,0,0,0,0,0,0,0,0,0,0,0,0,0,0,0,0,0,3.64,0,0,0,0,0,0,0
20240304,다사48755675,948875,1956875,2,다사48755800,948875,1958125,1,7,8,1,1,373,295,0,0,0,0,0,0,0,0,0,0,0,0,0,0,0,0,0,0,0,0,0,0,0,0,3.22,0,0,0,0,0,0,0
20240316,다사63005000,963125,1950125,0,다사46755400,946875,1954125,2,12,14,1,3,5556,1718,0,0,0,0,0,0,0,0,0,0,0,0,0,0,0,0,0,0,0,0,0,3.02,0,0,0,0,0,0,0,0,0,0
20240308,다사58754275,958875,1942875,0,다사69252925,969375,1929375,2,14,15,1,3,5057,663,0,0,0,0,0,0,0,0,0,0,0,0,0,0,3.38,0,0,0,0,0,0,0,0,0,0,0,0,0,0,0,0,0
20240305,다사56505725,956625,1957375,1,다사56505725,956625,1957375,2,16,16,1,3,14,144,0,0,0,0,0,0,0,0,0,0,0,0,0,0,0,0,0,0,0,3.54,0,0,0,0,0,0,0,0,0,0,0,0
20240305,다바60759650,960875,1896625,2,다바47008800,947125,1888125,1,7,8,1,1,4665,667,0,0,0,0,0,0,0,3.45,0,0,0,0,0,0,0,0,0,0,0,0,0,0,0,0,0,0,0,0,0,0,0,0
20240315,다사16256575,916375,1965875,2,다사30255850,930375,1958625,1,9,11,1,1,4208,1339,0,0,0,0,0,0,0,0,0,0,0,0,0,0,0,0,0,0,0,0,0,0,0,0,0,0,0,0,3.71,0,0,0
20240304,다사55755300,955875,1953125,0,다사56255200,956375,1952125,1,15,15,1,7,280,14,0,0,0,0,0,0,0,0,4,0,0,0,0,0,0,0,0,0,0,0,0,0,0,0,0,0,0,0,0,0,0,0
20240307,다사57504400,957625,1944125,2,다사31005825,931125,1958375,0,8,10,1,7,9386,1336,0,0,0,0,0,0,0,0,0,0,0,0,0,0,0,0,0,0,0,0,0,0,0,0,0,0,3.19,0,0,0,0,0
20240321,다사54755250,954875,1952625,0,다사49754525,949875,1945375,2,22,22,1,3,2438,750,0,0,0,0,0,0,0,0,0,0,0,0,0,0,0,0,0,0,0,0,0,0,0,3.61,0,0,0,0,0,0,0,0
20240331,다사44255350,944375,1953625,0,다사44255300,944375,1953125,2,17,18,1,3,116,30,0,0,0,0,0,0,0,0,0,0,0,0,0,0,0,0,0,0,0,0,0,3.92,0,0,0,0,0,0,0,0,0,0
20240315,다사35256300,935375,1963125,1,다사50754450,950875,1944625,2,18,19,1,3,5984,728,0,0,0,0,0,0,0,4.03,0,0,0,0,0,0,0,0,0,0,0,0,0,0,0,0,0,0,0,0,0,0,0,0
20240330,다사38253700,938375,1937125,0,다사38253700,938375,1937125,2,7,7,1,3,14,88,0,0,0,0,0,0,0,0,0,0,0,0,0,0,0,0,0,0,0,0,0,0,0,3.5,0,0,0,0,0,0,0,0
20240311,라사11500950,1011625,1909625,0,다사40251150,940375,1911625,0,16,18,1,7,19331,1509,0,0,0,0,0,0,0,0,3.69,0,0,0,0,0,0,0,0,0,0,0,0,0,0,0,0,0,0,0,0,0,0,0
20240315,다사52507725,952625,1977375,0,다사53257825,953375,1978375,2,17,19,1,3,373,1351,0,0,0,0,0,0,0,0,0,0,0,0,0,0,0,0,0,0,0,0,0,0,0,0,0,0,0,3.43,0,0,0,0
20240310,다사52504775,952625,1947875,0,다사42254875,942375,1948875,0,13,14,1,7,3056,778,0,0,3.72,0,0,0,0,2.78,0,0,0,0,0,0,0,0,0,0,0,0,0,0,0,3.74,0,0,0,0,0,0,0,0
20240317,다사43004375,943125,1943875,0,다사43254450,943375,1944625,0,12,12,1,7,243,22,0,0,0,0,0,0,0,0,0,0,0,0,0,0,0,0,0,0,0,0,0,0,0,0,0,0,0,3.32,0,0,0,0
20240327,다사56005350,956125,1953625,0,다사64754575,964875,1945875,3,13,14,1,7,3081,723,0,0,0,0,0,0,0,0,0,0,0,0,0,0,0,0,0,0,0,0,0,0,0,0,3.81,0,0,0,0,0,0,0
20240302,다사61504525,961625,1945375,0,다사46754250,946875,1942625,0,11,12,1,7,6179,1153,0,0,0,0,0,0,0,0,0,0,0,0,0,0,0,0,0,0,0,0,2.41,0,0,0,0,0,2.46,0,0,0,0,0
20240306,다사09507375,909625,1973875,2,다사10507225,910625,1972375,0,8,8,1,7,545,440,0,0,0,0,0,0,0,0,0,0,0,0,0,0,0,0,0,0,0,0,0,0,0,0,0,0,0,3.14,3.63,0,0,0
20240303,다사53504875,953625,1948875,2,다사58254425,958375,1944375,1,13,14,1,1,1890,723,0,0,0,0,0,0,0,0,0,0,3.5,0,0,0,0,0,0,0,0,0,0,0,0,0,0,0,0,0,0,0,0,0
20240325,다사36005675,936125,1956875,0,다사35505600,935625,1956125,0,15,16,1,7,287,968,0,0,0,0,0,0,0,0,0,0,0,0,0,0,0,0,0,0,0,0,0,0,0,0,0,0,0,0,3.35,0,0,0
20240304,다사68754775,968875,1947875,0,다사59504550,959625,1945625,0,11,12,1,7,3303,869,0,0,0,0,0,0,0,0,0,2.7,0,0,0,0,0,0,0,0,0,0,0,0,0,0,0,0,0,0,3.03,0,0,0
20240325,다사52003150,952125,1931625,2,다사58254750,958375,1947625,0,13,15,1,7,4895,1379,0,0,0,0,0,0,0,0,0,0,0,0,0,0,0,0,0,0,0,0,0,3.5,0,0,0,0,0,0,0,0,0,0
20240328,다사71756200,971875,1962125,2,다사71756175,971875,1961875,0,7,7,1,7,71,69,0,0,0,0,0,0,0,0,0,0,0,2.91,0,0,0,0,4.28,0,0,0,0,0,0,0,0,0,0,3.08,0,0,0,0
20240322,다사38004300,938125,1943125,1,다사44254250,944375,1942625,2,16,17,1,3,1767,602,0,0,0,0,0,0,0,0,0,3.5,0,0,0,0,0,0,0,0,0,0,0,0,0,0,0,0,0,0,0,0,0,0
20240304,다사48504425,948625,1944375,1,다사60004625,960125,1946375,2,18,19,1,3,3273,946,0,0,0,0,0,0,0,0,0,0,0,0,0,0,0,0,0,0,0,0,0,0,0,3.52,0,0,0,0,0,0,0,0
20240312,다사78002850,978125,1928625,1,다사76003100,976125,1931125,2,18,18,1,3,780,75,0,0,0,0,0,0,4.33,0,0,0,0,0,0,0,0,0,0,0,0,0,0,0,0,0,0,0,0,0,0,0,0,0
20240322,다사74003725,974125,1937375,0,다사78253425,978375,1934375,1,16,16,1,1,1422,17,0,0,0,0,0,0,0,3.59,0,0,0,0,0,0,0,0,0,0,0,0,0,0,0,0,0,0,0,0,0,0,0,0
20240311,다사51754025,951875,1940375,6,다사48755050,948875,1950625,3,17,18,1,7,2509,620,0,0,0,0,0,0,0,0,0,0,0,0,0,0,0,0,0,0,0,0,0,0,0,0,0,0,0,0,0,0,0,0
20240303,다사61755200,961875,1952125,1,다사56005225,956125,1952375,3,12,14,1,7,1646,2137,0,0,0,0,0,0,0,0,0,0,3.5,0,0,0,0,0,0,0,0,0,0,0,0,0,0,0,0,0,0,0,0,0
20240325,다사36254675,936375,1946875,1,다사67255025,967375,1950375,2,18,20,1,3,9812,2135,0,0,0,0,0,0,0,0,0,0,0,0,0,0,0,0,0,0,3.18,0,0,0,0,0,0,0,0,0,0,0,0,0
20240326,다사62505675,962625,1956875,2,다사62505675,962625,1956875,1,15,16,1,1,33,170,0,0,0,0,0,0,0,0,0,0,0,0,0,0,0,0,0,0,0,0,0,0,0,0,0,0,3.37,0,0,0,0,0
20240302,다사59754975,959875,1949875,0,다사59754925,959875,1949375,0,14,15,1,7,219,807,0,0,0,2.74,0,0,0,0,0,0,0,0,0,0,0,0,0,0,0,0,0,0,3.22,0,0,0,0,0,0,0,0,0
20240324,다사30255400,930375,1954125,1,다사27255200,927375,1952125,2,19,19,1,3,1213,308,0,0,0,0,0,0,0,0,0,0,0,0,0,0,0,0,0,0,0,0,0,0,0,0,0,0,0,3.05,0,0,0,0
20240318,다사95751575,995875,1915875,2,다사95251950,995375,1919625,0,13,13,2,7,1111,9,0,0,0,0,0,0,0,0,0,0,0,0,0,0,0,0,0,0,0,0,3.5,0,0,0,0,0,0,0,0,0,0,0
20240314,다사36754400,936875,1944125,2,다사40254325,940375,1943375,6,8,8,1,7,808,530,0,0,0,0,0,0,0,0,0,0,0,0,0,0,0,0,0,4.36,0,0,0,0,0,0,0,0,0,0,0,0,0,0
20240303,다사55508125,955625,1981375,1,다사73754825,973875,1948375,2,16,17,2,3,10762,919,0,0,0,0,3.5,0,0,0,0,0,0,0,0,0,0,0,0,0,0,0,0,0,0,0,0,0,0,0,0,0,0,0
20240324,다사23004850,923125,1948625,0,다사03003400,903125,1934125,0,9,10,1,7,7806,1511,0,0,0,0,0,0,0,0,0,3.15,0,0,0,0,0,0,0,0,0,0,0,0,0,0,0,0,0,0,0,0,0,0
20240328,다사42254425,942375,1944375,0,다사41504350,941625,1943625,2,21,21,1,3,298,137,0,0,0,0,0,0,0,3.1,0,0,0,0,0,0,0,0,0,0,0,0,0,0,0,0,0,0,0,0,0,0,0,0
20240310,다사34756350,934875,1963625,1,다사36256150,936375,1961625,0,18,18,1,7,694,256,0,0,0,0,0,0,0,0,0,0,0,0,0,0,0,0,0,0,0,0,0,0,0,0,0,0,0,0,0,0,0,0
20240309,다사49504300,949625,1943125,1,다사50504300,950625,1943125,2,15,16,1,3,290,211,0,0,0,0,0,0,0,0,0,0,0,0,0,0,0,0,0,0,0,0,0,0,0,0,3.96,0,0,0,0,0,0,0
20240327,다사67508300,967625,1983125,1,다사68508375,968625,1983875,0,14,14,1,7,344,9,0,0,3.5,0,0,0,0,0,0,0,0,0,0,0,0,0,0,7.97,3.44,0,0,0,0,0,0,0,0,0,0,0,0,0
20240309,다사74006550,974125,1965625,2,다사76505075,976625,1950875,0,11,12,1,7,4265,920,0,0,0,0,0,0,0,0,0,0,0,0,0,0,0,0,0,0,0,0,0,0,0,0,0,0,0,0,0,0,3.5,0
20240327,다사66004675,966125,1946875,3,다사59254325,959375,1943375,2,20,20,1,3,1791,450,0,0,0,0,0,0,0,0,0,0,0,0,0,0,0,0,0,4.18,0,0,0,0,0,0,0,0,0,0,0,0,0,0
20240316,다사46753950,946875,1939625,0,다사42252000,942375,1920125,2,18,19,1,3,4607,943,0,0,0,0,0,0,0,0,0,0,0,0,0,0,0,0,0,0,0,0,0,0,0,0,0,0,4.32,0,0,0,0,0
20240325,다사50755125,950875,1951375,1,다사49005075,949125,1950875,3,18,18,1,7,653,270,0,0,0,0,0,0,0,0,0,0,0,0,0,0,0,0,0,0,0,3.08,0,0,0,0,0,0,0,0,0,0,0,0
20240324,다바60509750,960625,1897625,0,다사58001825,958125,1918375,0,10,10,1,7,9006,1207,0,0,0,0,0,0,0,0,0,0,0,0,0,0,0,0,0,0,0,0,1.44,0,0,0,0,0,3.25,0,0,0,0,0
20240321,다사58255025,958375,1950375,2,다사61254975,961375,1949875,0,8,8,1,7,732,22,0,0,0,0,0,0,0,0,0,0,0,0,0,0,0,0,0,0,0,0,0,0,0,0,0,0,0,0,0,0,0,0
20240327,다사46004875,946125,1948875,0,다사45504800,945625,1948125,1,13,13,1,7,277,199,0,0,0,0,0,0,0,0,0,0,0,0,0,0,0,0,0,0,0,0,0,0,0,0,0,0,0,0,0,0,0,0
20240329,다사48505125,948625,1951375,1,다사48005175,948125,1951875,0,20,20,1,7,195,97,0,0,0,0,0,0,0,0,0,0,0,0,0,0,0,0,0,0,0,0,0,0,0,3.7,0,0,0,0,0,0,0,0
20240327,다사58754900,958875,1949125,0,다사55005200,955125,1952125,0,13,15,1,7,1080,1133,0,0,0,0,0,0,0,0,0,0,0,0,0,0,0,0,0,0,0,0,0,0,0,0,0,0,0,4.37,0,0,0,0
20240311,다다06500200,906625,1502125,0,다사28006150,928125,1961625,2,21,23,1,3,150415,2643,0,0,0,0,0,0,0,0,0,0,0,0,0,0,0,0,0,0,0,0,3.06,0,0,0,0,0,0,0,0,0,0,0
20240313,다사61000650,961125,1906625,2,다사60750650,960875,1906625,0,19,19,1,7,80,49,0,0,0,0,0,0,3.64,0,0,0,0,0,0,0,0,0,0,0,0,0,0,0,0,0,0,0,0,0,0,0,0,0
20240329,다사48504125,948625,1941375,2,다사48254225,948375,1942375,1,12,12,1,7,262,72,0,0,0,0,0,0,0,0,0,0,0,3.5,0,0,0,0,0,0,0,0,0,0,0,0,0,0,0,0,0,0,0,0
20240324,다사61005775,961125,1957875,0,다사61005900,961125,1959125,0,10,11,1,7,319,524,0,3.5,0,0,0,0,0,0,0,0,0,0,0,0,0,0,0,0,0,0,0,0,0,0,0,0,0,0,0,0,0,0
20240301,다사58001150,958125,1911625,2,다사58751675,958875,1916875,0,18,18,1,7,1505,188,0,0,0,0,0,0,0,0,0,0,0,0,0,0,0,3.5,0,0,0,0,0,0,0,0,0,0,0,0,0,0,0,0
20240316,다사51504300,951625,1943125,2,다사56505050,956625,1950625,0,11,13,1,7,2964,1416,0,0,0,0,0,0,0,0,0,0,0,0,0,0,0,0,0,0,0,0,0,0,0,0,0,0,0,0,0,0,0,0
20240319,다사50754525,950875,1945375,2,다사60001750,960125,1917625,1,5,8,1,1,8798,3140,0,0,0,0,0,0,0,0,3.34,0,0,0,0,0,0,0,0,0,0,0,0,0,0,0,0,0,0,0,0,0,0,0
20240308,다사41002450,941125,1924625,0,다사41252350,941375,1923625,2,17,18,1,3,311,1036,0,0,0,0,0,0,0,0,2.56,0,0,0,0,0,0,0,0,0,0,0,0,0,0,3.62,0,0,0,0,0,0,0,0
20240311,다사61500925,961625,1909375,0,다사47750175,947875,1901875,0,13,13,1,7,3752,322,0,0,0,0,0,0,0,0,0,0,0,0,0,0,0,0,0,0,0,0,0,0,0,4.2,0,0,0,0,0,0,0,0
20240328,다사54252200,954375,1922125,0,다사54502175,954625,1921875,1,12,12,1,2,129,51,0,0,2.85,0,0,0,0,0,0,0,0,0,0,0,0,0,0,10.2,3.5,3.2,0,0,0,0,0,0,0,0,0,0,0,0
20240328,다사31005800,931125,1958125,0,다사30255825,930375,1958375,1,13,13,1,1,219,151,0,0,0,0,0,0,0,0,0,0,0,0,3.98,0,0,0,0,0,0,0,0,0,0,0,0,0,0,0,0,0,0,0
20240318,다사67754550,967875,1945625,2,다사59004650,959125,1946625,1,6,7,1,1,1966,889,0,0,0,0,0,4.45,0,0,0,0,0,0,0,0,0,0,0,0,0,0,0,0,0,0,0,0,0,0,0,0,0,0
